seed,metric,method,precision,recall,f1,true_positives,false_positives,false_negatives,true_negatives,eligible_weeks,labeled_weeks
104729,revenue,rolling_z,1.0,0.375,0.5454545454545454,3,0,5,44,52,8
104729,revenue,seasonal,1.0,0.5,0.6666666666666666,4,0,4,44,52,8
104729,revenue,isolation_forest,1.0,0.25,0.4,2,0,6,44,52,8
104729,revenue,ensemble,1.0,0.75,0.8571428571428571,6,0,2,44,52,8
104729,units,rolling_z,1.0,0.42857142857142855,0.6,3,0,4,45,52,7
104729,units,seasonal,1.0,0.42857142857142855,0.6,3,0,4,45,52,7
104729,units,isolation_forest,0.5,0.2857142857142857,0.36363636363636365,2,2,5,43,52,7
104729,units,ensemble,1.0,0.7142857142857143,0.8333333333333334,5,0,2,45,52,7
130363,revenue,rolling_z,1.0,0.375,0.5454545454545454,3,0,5,44,52,8
130363,revenue,seasonal,1.0,0.5,0.6666666666666666,4,0,4,44,52,8
130363,revenue,isolation_forest,0.6666666666666666,0.25,0.36363636363636365,2,1,6,43,52,8
130363,revenue,ensemble,1.0,0.875,0.9333333333333333,7,0,1,44,52,8
130363,units,rolling_z,1.0,0.42857142857142855,0.6,3,0,4,45,52,7
130363,units,seasonal,1.0,0.42857142857142855,0.6,3,0,4,45,52,7
130363,units,isolation_forest,0.5,0.42857142857142855,0.46153846153846156,3,3,4,42,52,7
130363,units,ensemble,1.0,0.8571428571428571,0.9230769230769231,6,0,1,45,52,7
155921,revenue,rolling_z,1.0,0.375,0.5454545454545454,3,0,5,44,52,8
155921,revenue,seasonal,1.0,0.5,0.6666666666666666,4,0,4,44,52,8
155921,revenue,isolation_forest,0.6666666666666666,0.25,0.36363636363636365,2,1,6,43,52,8
155921,revenue,ensemble,1.0,0.875,0.9333333333333333,7,0,1,44,52,8
155921,units,rolling_z,1.0,0.42857142857142855,0.6,3,0,4,45,52,7
155921,units,seasonal,1.0,0.42857142857142855,0.6,3,0,4,45,52,7
155921,units,isolation_forest,0.5,0.42857142857142855,0.46153846153846156,3,3,4,42,52,7
155921,units,ensemble,1.0,0.8571428571428571,0.9230769230769231,6,0,1,45,52,7
196613,revenue,rolling_z,1.0,0.375,0.5454545454545454,3,0,5,44,52,8
196613,revenue,seasonal,1.0,0.5,0.6666666666666666,4,0,4,44,52,8
196613,revenue,isolation_forest,0.6666666666666666,0.25,0.36363636363636365,2,1,6,43,52,8
196613,revenue,ensemble,1.0,0.875,0.9333333333333333,7,0,1,44,52,8
196613,units,rolling_z,1.0,0.42857142857142855,0.6,3,0,4,45,52,7
196613,units,seasonal,1.0,0.42857142857142855,0.6,3,0,4,45,52,7
196613,units,isolation_forest,0.5,0.42857142857142855,0.46153846153846156,3,3,4,42,52,7
196613,units,ensemble,1.0,0.8571428571428571,0.9230769230769231,6,0,1,45,52,7
262147,revenue,rolling_z,1.0,0.375,0.5454545454545454,3,0,5,44,52,8
262147,revenue,seasonal,1.0,0.5,0.6666666666666666,4,0,4,44,52,8
262147,revenue,isolation_forest,1.0,0.25,0.4,2,0,6,44,52,8
262147,revenue,ensemble,1.0,0.875,0.9333333333333333,7,0,1,44,52,8
262147,units,rolling_z,1.0,0.42857142857142855,0.6,3,0,4,45,52,7
262147,units,seasonal,1.0,0.42857142857142855,0.6,3,0,4,45,52,7
262147,units,isolation_forest,0.4,0.2857142857142857,0.3333333333333333,2,3,5,42,52,7
262147,units,ensemble,1.0,0.8571428571428571,0.9230769230769231,6,0,1,45,52,7
