seed,metric,week,ground_truth,rolling_z,seasonal,isolation_forest,ensemble
104729,revenue,2024-12-30,False,False,False,False,False
104729,revenue,2025-01-06,False,False,False,False,False
104729,revenue,2025-01-13,False,False,False,False,False
104729,revenue,2025-01-20,False,False,False,False,False
104729,revenue,2025-01-27,False,False,False,False,False
104729,revenue,2025-02-03,True,False,False,False,True
104729,revenue,2025-02-10,False,False,False,False,False
104729,revenue,2025-02-17,False,False,False,False,False
104729,revenue,2025-02-24,False,False,False,False,False
104729,revenue,2025-03-03,False,False,False,False,False
104729,revenue,2025-03-10,False,False,False,False,False
104729,revenue,2025-03-17,False,False,False,False,False
104729,revenue,2025-03-24,False,False,False,False,False
104729,revenue,2025-03-31,True,False,False,False,False
104729,revenue,2025-04-07,True,False,False,False,False
104729,revenue,2025-04-14,False,False,False,False,False
104729,revenue,2025-04-21,False,False,False,False,False
104729,revenue,2025-04-28,False,False,False,False,False
104729,revenue,2025-05-05,False,False,False,False,False
104729,revenue,2025-05-12,False,False,False,False,False
104729,revenue,2025-05-19,False,False,False,False,False
104729,revenue,2025-05-26,False,False,False,False,False
104729,revenue,2025-06-02,True,True,True,False,True
104729,revenue,2025-06-09,False,False,False,False,False
104729,revenue,2025-06-16,False,False,False,False,False
104729,revenue,2025-06-23,False,False,False,False,False
104729,revenue,2025-06-30,False,False,False,False,False
104729,revenue,2025-07-07,False,False,False,False,False
104729,revenue,2025-07-14,False,False,False,False,False
104729,revenue,2025-07-21,True,False,True,True,True
104729,revenue,2025-07-28,False,False,False,False,False
104729,revenue,2025-08-04,False,False,False,False,False
104729,revenue,2025-08-11,False,False,False,False,False
104729,revenue,2025-08-18,False,False,False,False,False
104729,revenue,2025-08-25,False,False,False,False,False
104729,revenue,2025-09-01,False,False,False,False,False
104729,revenue,2025-09-08,True,False,False,False,True
104729,revenue,2025-09-15,False,False,False,False,False
104729,revenue,2025-09-22,False,False,False,False,False
104729,revenue,2025-09-29,False,False,False,False,False
104729,revenue,2025-10-06,False,False,False,False,False
104729,revenue,2025-10-13,False,False,False,False,False
104729,revenue,2025-10-20,False,False,False,False,False
104729,revenue,2025-10-27,False,False,False,False,False
104729,revenue,2025-11-03,True,True,True,True,True
104729,revenue,2025-11-10,False,False,False,False,False
104729,revenue,2025-11-17,False,False,False,False,False
104729,revenue,2025-11-24,False,False,False,False,False
104729,revenue,2025-12-01,False,False,False,False,False
104729,revenue,2025-12-08,True,True,True,False,True
104729,revenue,2025-12-15,False,False,False,False,False
104729,revenue,2025-12-22,False,False,False,False,False
104729,units,2024-12-30,False,False,False,False,False
104729,units,2025-01-06,False,False,False,False,False
104729,units,2025-01-13,False,False,False,False,False
104729,units,2025-01-20,False,False,False,False,False
104729,units,2025-01-27,False,False,False,False,False
104729,units,2025-02-03,True,False,False,False,True
104729,units,2025-02-10,False,False,False,False,False
104729,units,2025-02-17,False,False,False,False,False
104729,units,2025-02-24,False,False,False,False,False
104729,units,2025-03-03,False,False,False,False,False
104729,units,2025-03-10,False,False,False,False,False
104729,units,2025-03-17,False,False,False,True,False
104729,units,2025-03-24,False,False,False,False,False
104729,units,2025-03-31,True,False,False,False,False
104729,units,2025-04-07,True,False,False,False,False
104729,units,2025-04-14,False,False,False,False,False
104729,units,2025-04-21,False,False,False,False,False
104729,units,2025-04-28,False,False,False,False,False
104729,units,2025-05-05,False,False,False,False,False
104729,units,2025-05-12,False,False,False,False,False
104729,units,2025-05-19,False,False,False,False,False
104729,units,2025-05-26,False,False,False,False,False
104729,units,2025-06-02,True,True,True,False,True
104729,units,2025-06-09,False,False,False,False,False
104729,units,2025-06-16,False,False,False,False,False
104729,units,2025-06-23,False,False,False,False,False
104729,units,2025-06-30,False,False,False,False,False
104729,units,2025-07-07,False,False,False,False,False
104729,units,2025-07-14,False,False,False,False,False
104729,units,2025-07-21,False,False,False,False,False
104729,units,2025-07-28,False,False,False,False,False
104729,units,2025-08-04,False,False,False,False,False
104729,units,2025-08-11,False,False,False,False,False
104729,units,2025-08-18,False,False,False,False,False
104729,units,2025-08-25,False,False,False,False,False
104729,units,2025-09-01,False,False,False,False,False
104729,units,2025-09-08,True,False,False,False,True
104729,units,2025-09-15,False,False,False,False,False
104729,units,2025-09-22,False,False,False,False,False
104729,units,2025-09-29,False,False,False,True,False
104729,units,2025-10-06,False,False,False,False,False
104729,units,2025-10-13,False,False,False,False,False
104729,units,2025-10-20,False,False,False,False,False
104729,units,2025-10-27,False,False,False,False,False
104729,units,2025-11-03,True,True,True,True,True
104729,units,2025-11-10,False,False,False,False,False
104729,units,2025-11-17,False,False,False,False,False
104729,units,2025-11-24,False,False,False,False,False
104729,units,2025-12-01,False,False,False,False,False
104729,units,2025-12-08,True,True,True,True,True
104729,units,2025-12-15,False,False,False,False,False
104729,units,2025-12-22,False,False,False,False,False
130363,revenue,2024-12-30,False,False,False,False,False
130363,revenue,2025-01-06,False,False,False,False,False
130363,revenue,2025-01-13,False,False,False,False,False
130363,revenue,2025-01-20,False,False,False,False,False
130363,revenue,2025-01-27,False,False,False,False,False
130363,revenue,2025-02-03,True,False,False,False,True
130363,revenue,2025-02-10,False,False,False,False,False
130363,revenue,2025-02-17,False,False,False,False,False
130363,revenue,2025-02-24,False,False,False,False,False
130363,revenue,2025-03-03,False,False,False,False,False
130363,revenue,2025-03-10,False,False,False,False,False
130363,revenue,2025-03-17,False,False,False,False,False
130363,revenue,2025-03-24,False,False,False,False,False
130363,revenue,2025-03-31,True,False,False,False,True
130363,revenue,2025-04-07,True,False,False,False,False
130363,revenue,2025-04-14,False,False,False,False,False
130363,revenue,2025-04-21,False,False,False,False,False
130363,revenue,2025-04-28,False,False,False,False,False
130363,revenue,2025-05-05,False,False,False,False,False
130363,revenue,2025-05-12,False,False,False,False,False
130363,revenue,2025-05-19,False,False,False,False,False
130363,revenue,2025-05-26,False,False,False,False,False
130363,revenue,2025-06-02,True,True,True,False,True
130363,revenue,2025-06-09,False,False,False,False,False
130363,revenue,2025-06-16,False,False,False,False,False
130363,revenue,2025-06-23,False,False,False,False,False
130363,revenue,2025-06-30,False,False,False,False,False
130363,revenue,2025-07-07,False,False,False,False,False
130363,revenue,2025-07-14,False,False,False,False,False
130363,revenue,2025-07-21,True,False,True,True,True
130363,revenue,2025-07-28,False,False,False,False,False
130363,revenue,2025-08-04,False,False,False,False,False
130363,revenue,2025-08-11,False,False,False,False,False
130363,revenue,2025-08-18,False,False,False,False,False
130363,revenue,2025-08-25,False,False,False,False,False
130363,revenue,2025-09-01,False,False,False,False,False
130363,revenue,2025-09-08,True,False,False,False,True
130363,revenue,2025-09-15,False,False,False,False,False
130363,revenue,2025-09-22,False,False,False,False,False
130363,revenue,2025-09-29,False,False,False,True,False
130363,revenue,2025-10-06,False,False,False,False,False
130363,revenue,2025-10-13,False,False,False,False,False
130363,revenue,2025-10-20,False,False,False,False,False
130363,revenue,2025-10-27,False,False,False,False,False
130363,revenue,2025-11-03,True,True,True,True,True
130363,revenue,2025-11-10,False,False,False,False,False
130363,revenue,2025-11-17,False,False,False,False,False
130363,revenue,2025-11-24,False,False,False,False,False
130363,revenue,2025-12-01,False,False,False,False,False
130363,revenue,2025-12-08,True,True,True,False,True
130363,revenue,2025-12-15,False,False,False,False,False
130363,revenue,2025-12-22,False,False,False,False,False
130363,units,2024-12-30,False,False,False,False,False
130363,units,2025-01-06,False,False,False,False,False
130363,units,2025-01-13,False,False,False,False,False
130363,units,2025-01-20,False,False,False,False,False
130363,units,2025-01-27,False,False,False,False,False
130363,units,2025-02-03,True,False,False,True,True
130363,units,2025-02-10,False,False,False,False,False
130363,units,2025-02-17,False,False,False,False,False
130363,units,2025-02-24,False,False,False,False,False
130363,units,2025-03-03,False,False,False,False,False
130363,units,2025-03-10,False,False,False,False,False
130363,units,2025-03-17,False,False,False,True,False
130363,units,2025-03-24,False,False,False,False,False
130363,units,2025-03-31,True,False,False,False,True
130363,units,2025-04-07,True,False,False,False,False
130363,units,2025-04-14,False,False,False,False,False
130363,units,2025-04-21,False,False,False,False,False
130363,units,2025-04-28,False,False,False,False,False
130363,units,2025-05-05,False,False,False,False,False
130363,units,2025-05-12,False,False,False,False,False
130363,units,2025-05-19,False,False,False,False,False
130363,units,2025-05-26,False,False,False,False,False
130363,units,2025-06-02,True,True,True,False,True
130363,units,2025-06-09,False,False,False,False,False
130363,units,2025-06-16,False,False,False,False,False
130363,units,2025-06-23,False,False,False,False,False
130363,units,2025-06-30,False,False,False,False,False
130363,units,2025-07-07,False,False,False,False,False
130363,units,2025-07-14,False,False,False,False,False
130363,units,2025-07-21,False,False,False,False,False
130363,units,2025-07-28,False,False,False,False,False
130363,units,2025-08-04,False,False,False,False,False
130363,units,2025-08-11,False,False,False,False,False
130363,units,2025-08-18,False,False,False,False,False
130363,units,2025-08-25,False,False,False,False,False
130363,units,2025-09-01,False,False,False,False,False
130363,units,2025-09-08,True,False,False,False,True
130363,units,2025-09-15,False,False,False,False,False
130363,units,2025-09-22,False,False,False,False,False
130363,units,2025-09-29,False,False,False,True,False
130363,units,2025-10-06,False,False,False,False,False
130363,units,2025-10-13,False,False,False,False,False
130363,units,2025-10-20,False,False,False,False,False
130363,units,2025-10-27,False,False,False,False,False
130363,units,2025-11-03,True,True,True,True,True
130363,units,2025-11-10,False,False,False,True,False
130363,units,2025-11-17,False,False,False,False,False
130363,units,2025-11-24,False,False,False,False,False
130363,units,2025-12-01,False,False,False,False,False
130363,units,2025-12-08,True,True,True,True,True
130363,units,2025-12-15,False,False,False,False,False
130363,units,2025-12-22,False,False,False,False,False
155921,revenue,2024-12-30,False,False,False,False,False
155921,revenue,2025-01-06,False,False,False,False,False
155921,revenue,2025-01-13,False,False,False,False,False
155921,revenue,2025-01-20,False,False,False,False,False
155921,revenue,2025-01-27,False,False,False,False,False
155921,revenue,2025-02-03,True,False,False,False,True
155921,revenue,2025-02-10,False,False,False,False,False
155921,revenue,2025-02-17,False,False,False,False,False
155921,revenue,2025-02-24,False,False,False,False,False
155921,revenue,2025-03-03,False,False,False,False,False
155921,revenue,2025-03-10,False,False,False,False,False
155921,revenue,2025-03-17,False,False,False,False,False
155921,revenue,2025-03-24,False,False,False,False,False
155921,revenue,2025-03-31,True,False,False,False,True
155921,revenue,2025-04-07,True,False,False,False,False
155921,revenue,2025-04-14,False,False,False,False,False
155921,revenue,2025-04-21,False,False,False,False,False
155921,revenue,2025-04-28,False,False,False,False,False
155921,revenue,2025-05-05,False,False,False,False,False
155921,revenue,2025-05-12,False,False,False,False,False
155921,revenue,2025-05-19,False,False,False,False,False
155921,revenue,2025-05-26,False,False,False,False,False
155921,revenue,2025-06-02,True,True,True,False,True
155921,revenue,2025-06-09,False,False,False,False,False
155921,revenue,2025-06-16,False,False,False,False,False
155921,revenue,2025-06-23,False,False,False,False,False
155921,revenue,2025-06-30,False,False,False,False,False
155921,revenue,2025-07-07,False,False,False,False,False
155921,revenue,2025-07-14,False,False,False,False,False
155921,revenue,2025-07-21,True,False,True,True,True
155921,revenue,2025-07-28,False,False,False,False,False
155921,revenue,2025-08-04,False,False,False,False,False
155921,revenue,2025-08-11,False,False,False,False,False
155921,revenue,2025-08-18,False,False,False,False,False
155921,revenue,2025-08-25,False,False,False,False,False
155921,revenue,2025-09-01,False,False,False,False,False
155921,revenue,2025-09-08,True,False,False,False,True
155921,revenue,2025-09-15,False,False,False,False,False
155921,revenue,2025-09-22,False,False,False,False,False
155921,revenue,2025-09-29,False,False,False,True,False
155921,revenue,2025-10-06,False,False,False,False,False
155921,revenue,2025-10-13,False,False,False,False,False
155921,revenue,2025-10-20,False,False,False,False,False
155921,revenue,2025-10-27,False,False,False,False,False
155921,revenue,2025-11-03,True,True,True,True,True
155921,revenue,2025-11-10,False,False,False,False,False
155921,revenue,2025-11-17,False,False,False,False,False
155921,revenue,2025-11-24,False,False,False,False,False
155921,revenue,2025-12-01,False,False,False,False,False
155921,revenue,2025-12-08,True,True,True,False,True
155921,revenue,2025-12-15,False,False,False,False,False
155921,revenue,2025-12-22,False,False,False,False,False
155921,units,2024-12-30,False,False,False,False,False
155921,units,2025-01-06,False,False,False,False,False
155921,units,2025-01-13,False,False,False,False,False
155921,units,2025-01-20,False,False,False,False,False
155921,units,2025-01-27,False,False,False,False,False
155921,units,2025-02-03,True,False,False,True,True
155921,units,2025-02-10,False,False,False,False,False
155921,units,2025-02-17,False,False,False,False,False
155921,units,2025-02-24,False,False,False,False,False
155921,units,2025-03-03,False,False,False,False,False
155921,units,2025-03-10,False,False,False,False,False
155921,units,2025-03-17,False,False,False,True,False
155921,units,2025-03-24,False,False,False,False,False
155921,units,2025-03-31,True,False,False,False,True
155921,units,2025-04-07,True,False,False,False,False
155921,units,2025-04-14,False,False,False,False,False
155921,units,2025-04-21,False,False,False,False,False
155921,units,2025-04-28,False,False,False,False,False
155921,units,2025-05-05,False,False,False,False,False
155921,units,2025-05-12,False,False,False,False,False
155921,units,2025-05-19,False,False,False,False,False
155921,units,2025-05-26,False,False,False,False,False
155921,units,2025-06-02,True,True,True,False,True
155921,units,2025-06-09,False,False,False,False,False
155921,units,2025-06-16,False,False,False,False,False
155921,units,2025-06-23,False,False,False,False,False
155921,units,2025-06-30,False,False,False,False,False
155921,units,2025-07-07,False,False,False,False,False
155921,units,2025-07-14,False,False,False,False,False
155921,units,2025-07-21,False,False,False,False,False
155921,units,2025-07-28,False,False,False,False,False
155921,units,2025-08-04,False,False,False,False,False
155921,units,2025-08-11,False,False,False,False,False
155921,units,2025-08-18,False,False,False,False,False
155921,units,2025-08-25,False,False,False,False,False
155921,units,2025-09-01,False,False,False,False,False
155921,units,2025-09-08,True,False,False,False,True
155921,units,2025-09-15,False,False,False,False,False
155921,units,2025-09-22,False,False,False,False,False
155921,units,2025-09-29,False,False,False,True,False
155921,units,2025-10-06,False,False,False,False,False
155921,units,2025-10-13,False,False,False,False,False
155921,units,2025-10-20,False,False,False,False,False
155921,units,2025-10-27,False,False,False,False,False
155921,units,2025-11-03,True,True,True,True,True
155921,units,2025-11-10,False,False,False,True,False
155921,units,2025-11-17,False,False,False,False,False
155921,units,2025-11-24,False,False,False,False,False
155921,units,2025-12-01,False,False,False,False,False
155921,units,2025-12-08,True,True,True,True,True
155921,units,2025-12-15,False,False,False,False,False
155921,units,2025-12-22,False,False,False,False,False
196613,revenue,2024-12-30,False,False,False,False,False
196613,revenue,2025-01-06,False,False,False,False,False
196613,revenue,2025-01-13,False,False,False,False,False
196613,revenue,2025-01-20,False,False,False,False,False
196613,revenue,2025-01-27,False,False,False,False,False
196613,revenue,2025-02-03,True,False,False,False,True
196613,revenue,2025-02-10,False,False,False,False,False
196613,revenue,2025-02-17,False,False,False,False,False
196613,revenue,2025-02-24,False,False,False,False,False
196613,revenue,2025-03-03,False,False,False,False,False
196613,revenue,2025-03-10,False,False,False,False,False
196613,revenue,2025-03-17,False,False,False,True,False
196613,revenue,2025-03-24,False,False,False,False,False
196613,revenue,2025-03-31,True,False,False,False,True
196613,revenue,2025-04-07,True,False,False,False,False
196613,revenue,2025-04-14,False,False,False,False,False
196613,revenue,2025-04-21,False,False,False,False,False
196613,revenue,2025-04-28,False,False,False,False,False
196613,revenue,2025-05-05,False,False,False,False,False
196613,revenue,2025-05-12,False,False,False,False,False
196613,revenue,2025-05-19,False,False,False,False,False
196613,revenue,2025-05-26,False,False,False,False,False
196613,revenue,2025-06-02,True,True,True,False,True
196613,revenue,2025-06-09,False,False,False,False,False
196613,revenue,2025-06-16,False,False,False,False,False
196613,revenue,2025-06-23,False,False,False,False,False
196613,revenue,2025-06-30,False,False,False,False,False
196613,revenue,2025-07-07,False,False,False,False,False
196613,revenue,2025-07-14,False,False,False,False,False
196613,revenue,2025-07-21,True,False,True,True,True
196613,revenue,2025-07-28,False,False,False,False,False
196613,revenue,2025-08-04,False,False,False,False,False
196613,revenue,2025-08-11,False,False,False,False,False
196613,revenue,2025-08-18,False,False,False,False,False
196613,revenue,2025-08-25,False,False,False,False,False
196613,revenue,2025-09-01,False,False,False,False,False
196613,revenue,2025-09-08,True,False,False,False,True
196613,revenue,2025-09-15,False,False,False,False,False
196613,revenue,2025-09-22,False,False,False,False,False
196613,revenue,2025-09-29,False,False,False,False,False
196613,revenue,2025-10-06,False,False,False,False,False
196613,revenue,2025-10-13,False,False,False,False,False
196613,revenue,2025-10-20,False,False,False,False,False
196613,revenue,2025-10-27,False,False,False,False,False
196613,revenue,2025-11-03,True,True,True,True,True
196613,revenue,2025-11-10,False,False,False,False,False
196613,revenue,2025-11-17,False,False,False,False,False
196613,revenue,2025-11-24,False,False,False,False,False
196613,revenue,2025-12-01,False,False,False,False,False
196613,revenue,2025-12-08,True,True,True,False,True
196613,revenue,2025-12-15,False,False,False,False,False
196613,revenue,2025-12-22,False,False,False,False,False
196613,units,2024-12-30,False,False,False,False,False
196613,units,2025-01-06,False,False,False,False,False
196613,units,2025-01-13,False,False,False,False,False
196613,units,2025-01-20,False,False,False,False,False
196613,units,2025-01-27,False,False,False,False,False
196613,units,2025-02-03,True,False,False,True,True
196613,units,2025-02-10,False,False,False,False,False
196613,units,2025-02-17,False,False,False,False,False
196613,units,2025-02-24,False,False,False,False,False
196613,units,2025-03-03,False,False,False,False,False
196613,units,2025-03-10,False,False,False,False,False
196613,units,2025-03-17,False,False,False,True,False
196613,units,2025-03-24,False,False,False,False,False
196613,units,2025-03-31,True,False,False,False,True
196613,units,2025-04-07,True,False,False,False,False
196613,units,2025-04-14,False,False,False,False,False
196613,units,2025-04-21,False,False,False,False,False
196613,units,2025-04-28,False,False,False,False,False
196613,units,2025-05-05,False,False,False,False,False
196613,units,2025-05-12,False,False,False,False,False
196613,units,2025-05-19,False,False,False,False,False
196613,units,2025-05-26,False,False,False,False,False
196613,units,2025-06-02,True,True,True,False,True
196613,units,2025-06-09,False,False,False,False,False
196613,units,2025-06-16,False,False,False,False,False
196613,units,2025-06-23,False,False,False,False,False
196613,units,2025-06-30,False,False,False,False,False
196613,units,2025-07-07,False,False,False,False,False
196613,units,2025-07-14,False,False,False,False,False
196613,units,2025-07-21,False,False,False,False,False
196613,units,2025-07-28,False,False,False,False,False
196613,units,2025-08-04,False,False,False,False,False
196613,units,2025-08-11,False,False,False,False,False
196613,units,2025-08-18,False,False,False,False,False
196613,units,2025-08-25,False,False,False,False,False
196613,units,2025-09-01,False,False,False,False,False
196613,units,2025-09-08,True,False,False,False,True
196613,units,2025-09-15,False,False,False,False,False
196613,units,2025-09-22,False,False,False,False,False
196613,units,2025-09-29,False,False,False,True,False
196613,units,2025-10-06,False,False,False,False,False
196613,units,2025-10-13,False,False,False,False,False
196613,units,2025-10-20,False,False,False,False,False
196613,units,2025-10-27,False,False,False,False,False
196613,units,2025-11-03,True,True,True,True,True
196613,units,2025-11-10,False,False,False,True,False
196613,units,2025-11-17,False,False,False,False,False
196613,units,2025-11-24,False,False,False,False,False
196613,units,2025-12-01,False,False,False,False,False
196613,units,2025-12-08,True,True,True,True,True
196613,units,2025-12-15,False,False,False,False,False
196613,units,2025-12-22,False,False,False,False,False
262147,revenue,2024-12-30,False,False,False,False,False
262147,revenue,2025-01-06,False,False,False,False,False
262147,revenue,2025-01-13,False,False,False,False,False
262147,revenue,2025-01-20,False,False,False,False,False
262147,revenue,2025-01-27,False,False,False,False,False
262147,revenue,2025-02-03,True,False,False,False,True
262147,revenue,2025-02-10,False,False,False,False,False
262147,revenue,2025-02-17,False,False,False,False,False
262147,revenue,2025-02-24,False,False,False,False,False
262147,revenue,2025-03-03,False,False,False,False,False
262147,revenue,2025-03-10,False,False,False,False,False
262147,revenue,2025-03-17,False,False,False,False,False
262147,revenue,2025-03-24,False,False,False,False,False
262147,revenue,2025-03-31,True,False,False,False,True
262147,revenue,2025-04-07,True,False,False,False,False
262147,revenue,2025-04-14,False,False,False,False,False
262147,revenue,2025-04-21,False,False,False,False,False
262147,revenue,2025-04-28,False,False,False,False,False
262147,revenue,2025-05-05,False,False,False,False,False
262147,revenue,2025-05-12,False,False,False,False,False
262147,revenue,2025-05-19,False,False,False,False,False
262147,revenue,2025-05-26,False,False,False,False,False
262147,revenue,2025-06-02,True,True,True,False,True
262147,revenue,2025-06-09,False,False,False,False,False
262147,revenue,2025-06-16,False,False,False,False,False
262147,revenue,2025-06-23,False,False,False,False,False
262147,revenue,2025-06-30,False,False,False,False,False
262147,revenue,2025-07-07,False,False,False,False,False
262147,revenue,2025-07-14,False,False,False,False,False
262147,revenue,2025-07-21,True,False,True,True,True
262147,revenue,2025-07-28,False,False,False,False,False
262147,revenue,2025-08-04,False,False,False,False,False
262147,revenue,2025-08-11,False,False,False,False,False
262147,revenue,2025-08-18,False,False,False,False,False
262147,revenue,2025-08-25,False,False,False,False,False
262147,revenue,2025-09-01,False,False,False,False,False
262147,revenue,2025-09-08,True,False,False,False,True
262147,revenue,2025-09-15,False,False,False,False,False
262147,revenue,2025-09-22,False,False,False,False,False
262147,revenue,2025-09-29,False,False,False,False,False
262147,revenue,2025-10-06,False,False,False,False,False
262147,revenue,2025-10-13,False,False,False,False,False
262147,revenue,2025-10-20,False,False,False,False,False
262147,revenue,2025-10-27,False,False,False,False,False
262147,revenue,2025-11-03,True,True,True,True,True
262147,revenue,2025-11-10,False,False,False,False,False
262147,revenue,2025-11-17,False,False,False,False,False
262147,revenue,2025-11-24,False,False,False,False,False
262147,revenue,2025-12-01,False,False,False,False,False
262147,revenue,2025-12-08,True,True,True,False,True
262147,revenue,2025-12-15,False,False,False,False,False
262147,revenue,2025-12-22,False,False,False,False,False
262147,units,2024-12-30,False,False,False,False,False
262147,units,2025-01-06,False,False,False,False,False
262147,units,2025-01-13,False,False,False,False,False
262147,units,2025-01-20,False,False,False,False,False
262147,units,2025-01-27,False,False,False,False,False
262147,units,2025-02-03,True,False,False,True,True
262147,units,2025-02-10,False,False,False,False,False
262147,units,2025-02-17,False,False,False,False,False
262147,units,2025-02-24,False,False,False,False,False
262147,units,2025-03-03,False,False,False,False,False
262147,units,2025-03-10,False,False,False,False,False
262147,units,2025-03-17,False,False,False,True,False
262147,units,2025-03-24,False,False,False,False,False
262147,units,2025-03-31,True,False,False,False,True
262147,units,2025-04-07,True,False,False,False,False
262147,units,2025-04-14,False,False,False,False,False
262147,units,2025-04-21,False,False,False,False,False
262147,units,2025-04-28,False,False,False,False,False
262147,units,2025-05-05,False,False,False,False,False
262147,units,2025-05-12,False,False,False,False,False
262147,units,2025-05-19,False,False,False,False,False
262147,units,2025-05-26,False,False,False,False,False
262147,units,2025-06-02,True,True,True,False,True
262147,units,2025-06-09,False,False,False,False,False
262147,units,2025-06-16,False,False,False,False,False
262147,units,2025-06-23,False,False,False,False,False
262147,units,2025-06-30,False,False,False,False,False
262147,units,2025-07-07,False,False,False,False,False
262147,units,2025-07-14,False,False,False,False,False
262147,units,2025-07-21,False,False,False,False,False
262147,units,2025-07-28,False,False,False,False,False
262147,units,2025-08-04,False,False,False,False,False
262147,units,2025-08-11,False,False,False,False,False
262147,units,2025-08-18,False,False,False,False,False
262147,units,2025-08-25,False,False,False,False,False
262147,units,2025-09-01,False,False,False,False,False
262147,units,2025-09-08,True,False,False,False,True
262147,units,2025-09-15,False,False,False,False,False
262147,units,2025-09-22,False,False,False,False,False
262147,units,2025-09-29,False,False,False,True,False
262147,units,2025-10-06,False,False,False,False,False
262147,units,2025-10-13,False,False,False,False,False
262147,units,2025-10-20,False,False,False,False,False
262147,units,2025-10-27,False,False,False,False,False
262147,units,2025-11-03,True,True,True,True,True
262147,units,2025-11-10,False,False,False,True,False
262147,units,2025-11-17,False,False,False,False,False
262147,units,2025-11-24,False,False,False,False,False
262147,units,2025-12-01,False,False,False,False,False
262147,units,2025-12-08,True,True,True,False,True
262147,units,2025-12-15,False,False,False,False,False
262147,units,2025-12-22,False,False,False,False,False
