week,revenue,rolling_score,expected,seasonal_score,eligible,rolling_z,seasonal,isolation_score,isolation_forest,ensemble,segment_alert
2023-01-02,180599.42,,,,False,False,False,,False,False,False
2023-01-09,182756.3,,,,False,False,False,,False,False,False
2023-01-16,186216.54,,,,False,False,False,,False,False,False
2023-01-23,188053.94,,,,False,False,False,,False,False,False
2023-01-30,188550.16,,,,False,False,False,,False,False,False
2023-02-06,190942.14,,,,False,False,False,,False,False,False
2023-02-13,192743.94,,,,False,False,False,,False,False,False
2023-02-20,194337.46,,,,False,False,False,,False,False,False
2023-02-27,195530.79,,,,False,False,False,,False,False,False
2023-03-06,195254.67,,,,False,False,False,,False,False,False
2023-03-13,195717.89,,,,False,False,False,,False,False,False
2023-03-20,196118.15,,,,False,False,False,,False,False,False
2023-03-27,195836.63,0.9880412241767867,,,False,False,False,,False,False,False
2023-04-03,195576.77,0.8326600578131614,,,False,False,False,,False,False,False
2023-04-10,197039.39,1.1603197439908928,,,False,False,False,,False,False,False
2023-04-17,196811.96,0.9857868171715801,,,False,False,False,,False,False,False
2023-04-24,198409.47,1.517061950885111,,,False,False,False,,False,False,False
2023-05-01,198757.05,1.7251890247220765,,,False,False,False,,False,False,False
2023-05-08,197629.45,0.8256004375804945,,,False,False,False,,False,False,False
2023-05-15,197885.39,0.7469178195406546,,,False,False,False,,False,False,False
2023-05-22,197178.53,0.23616142051528233,,,False,False,False,,False,False,False
2023-05-29,195652.05,-0.6092056763580099,,,False,False,False,,False,False,False
2023-06-05,196000.4,-0.44899148579462916,,,False,False,False,,False,False,False
2023-06-12,194230.13,-1.3599282547964355,,,False,False,False,,False,False,False
2023-06-19,192196.4,-2.314707872854377,,,False,False,False,,False,False,False
2023-06-26,189251.54,-3.6629218261853946,,,False,False,False,,False,False,False
2023-07-03,187931.55,-2.8581904588605407,187891.9649883007,0.008426298039765356,True,False,False,-0.07745926363374656,False,False,False
2023-07-10,183372.62,-3.285867062710781,185328.86194687767,-0.42446486380157467,True,True,False,0.06759536135748379,True,True,False
2023-07-17,180223.22,-2.8271438537387805,181255.12115143245,-0.22837417062255838,True,False,False,0.07412918094345877,True,False,False
2023-07-24,178202.96,-2.354439255831827,177331.82274591713,0.19601772646147708,True,False,False,-0.009419342084456717,False,False,False
2023-07-31,174211.78,-2.3733979303152783,174331.465653807,-0.027471060765904554,True,False,False,0.06949837801229974,True,False,False
2023-08-07,168884.78,-2.4664244214558186,170859.79067725962,-0.4650630139732925,True,False,False,0.07928734377528124,True,False,False
2023-08-14,175331.46,-1.183967315284588,166422.7081872685,2.0858901221615866,True,False,False,0.0381663021908798,True,True,True
2023-08-21,162370.8,-2.410274478703099,166792.15879688275,-1.0746348241288928,True,False,False,0.035132730476008955,True,False,False
2023-08-28,160359.69,-2.0415423479672947,161333.36798568867,-0.24213912855195474,True,False,False,-0.02884110059785372,False,False,False
2023-09-04,156804.43,-1.9747351753001958,158168.13816054948,-0.34637090836135087,True,False,False,-0.01706252617260151,False,False,False
2023-09-11,154763.8,-1.7923328813212043,155108.76975613835,-0.08906109990263644,True,False,False,-0.033109704690618025,False,False,False
2023-09-18,153596.61,-1.5973567039089744,152917.1774302304,0.1773319727692524,True,False,False,-0.04601460489508724,False,False,False
2023-09-25,153678.6,-1.349534152238609,151726.7878990542,0.5112781245805564,True,False,False,-0.0313254788311077,False,False,False
2023-10-02,151878.45,-1.3388969484111535,151828.23431013312,0.013227417878809433,True,False,False,-0.0899825069032183,False,False,False
2023-10-09,153775.05,-0.9828545375841582,151675.7483098408,0.5498325115444658,True,False,False,-0.02684880492292896,False,False,False
2023-10-16,154105.31,-0.8150577209416278,153187.5950136907,0.2389167337565823,True,False,False,-0.08478017537604599,False,False,False
2023-10-23,156065.29,-0.4649665233965318,154856.59746954835,0.3109973708267688,True,False,False,-0.033662588162721385,False,False,False
2023-10-30,159022.23,0.07734542538367194,157301.51874750358,0.43518154595730607,True,False,False,-0.02349500913061775,False,False,False
2023-11-06,162382.74,0.7415736019813608,160610.85434813687,0.43887023339514997,True,False,False,-0.020694185163073753,False,False,False
2023-11-13,166170.16,2.649759136390273,164536.12589656163,0.3952866869581584,True,False,False,-0.03219058146853704,False,False,False
2023-11-20,170728.0,3.232167397753896,168910.39826275085,0.428130411288663,True,True,False,-0.017887507607101893,False,False,False
2023-11-27,175205.56,3.0002701792847977,173767.61026302833,0.32964319271250986,True,True,False,-0.03466311214913809,False,False,False
2023-12-04,179513.3,2.6358113588922727,178762.43901803216,0.16766127303952771,True,False,False,-0.06076554895327624,False,False,False
2023-12-11,182908.97,2.277793362049626,183627.9950808743,-0.15693391317832095,True,False,False,-0.09569201133521638,False,False,False
2023-12-18,192760.54,2.6455160017434913,187912.0278344886,1.018991076665614,True,False,False,0.046538606938712146,True,True,True
2023-12-25,190207.2,1.7489881792839814,193980.52911177572,-0.7857513735505961,True,False,False,-0.13294401984208098,False,False,False
2024-01-01,195873.51,1.8493923155155174,196989.45371488328,-0.22724396430604088,True,False,False,-0.046187816459821174,False,False,False
2024-01-08,198424.88999999998,1.6876826581942816,200312.46759535116,-0.3787137893336734,True,False,False,0.09311463707541034,True,False,False
2024-01-15,201803.6,1.645429830615001,202928.1533919767,-0.22228180052024982,True,False,False,0.02637443049146293,True,False,False
2024-01-22,205320.69,1.6383289577324756,205285.64748028968,0.006827467887688954,True,False,False,0.009339958234316104,True,False,False
2024-01-29,202149.77,1.1833878431150224,207472.8790750341,-1.0396707823336726,True,False,False,-0.06410334775478255,False,True,True
2024-02-05,205546.75,1.295056816728973,207863.93149173062,-0.4484075253550657,True,False,False,-0.009047201331757293,False,False,False
2024-02-12,208218.14,1.3726572669896622,208555.01593147442,-0.0646636665620548,True,False,False,-0.028039725196293053,False,False,False
2024-02-19,209134.03,1.312030773791048,209347.13848514057,-0.040739420477819976,True,False,False,-0.022363298045882107,False,False,False
2024-02-26,209605.01,1.2339925107389391,209920.63462144256,-0.060186963068957766,True,False,False,-0.019887041800326632,False,False,False
2024-03-04,209619.75,1.1304895055769102,210310.81816609326,-0.13165391468810128,True,False,False,-0.04845021337150912,False,False,False
2024-03-11,210332.83,1.1758865202592244,210547.16674919793,-0.0407406898655438,True,False,False,-0.08328131517850201,False,False,False
2024-03-18,189517.14,-2.2495333327926446,210832.50546310985,-4.26338145150396,True,False,True,-0.006961923080704868,False,True,True
2024-03-25,212801.45,1.3836538911205967,210360.20479366905,0.4615299637742254,True,False,False,0.06496167679421416,True,False,False
2024-04-01,211765.06,1.0137274994723082,211104.63064922186,0.12494248745582581,True,False,False,-0.0418511876693215,False,False,False
2024-04-08,211791.99,0.8629100875351139,211633.46535701357,0.029950896600539068,True,False,False,-0.08419592618140248,False,False,False
2024-04-15,212332.85,0.8157860862772565,212129.67437642423,0.0382932536890479,True,False,False,-0.09027777186892383,False,False,False
2024-04-22,213920.24,0.9530564132611049,212631.15807607412,0.2417689130454903,True,False,False,-0.09378756060787508,False,False,False
2024-04-29,211924.56,0.49684856746311895,213207.15367190147,-0.24135533003331489,True,False,False,-0.0800944763954683,False,False,False
2024-05-06,213968.37,0.7334997608023455,213347.6872443786,0.11620123917261083,True,False,False,-0.06580857641515347,False,False,False
2024-05-13,212966.77,0.49354700467859935,213493.47231753307,-0.09880453708419168,True,False,False,-0.09123460445225517,False,False,False
2024-05-20,258192.29,7.264610794320572,213214.66171852333,7.656206307186224,True,True,True,0.12396809910166029,True,True,True
2024-05-27,212002.81,-0.13593478696097056,213203.4754743456,-0.22589857328348728,True,False,False,-0.03597279995368308,False,False,False
2024-06-03,211429.61,-0.1866718320072471,212025.45029619834,-0.1125674472315552,True,False,False,-0.21182746714899464,False,False,False
2024-06-10,208977.07,-0.35303366395043556,210412.715168841,-0.27385517289076233,True,False,False,-0.201727339769823,False,False,False
2024-06-17,206637.54,-0.7018512835711743,208177.1663203068,-0.2969293743655754,True,False,False,-0.20359509283860794,False,False,False
2024-06-24,203833.49,-0.8573311143683203,205410.3546927285,-0.3082509397556521,True,False,False,-0.20079042225774418,False,False,False
2024-07-01,200936.7,-0.993615611638414,202159.38328994592,-0.24265917540013504,True,False,False,-0.16410290326386046,False,False,False
2024-07-08,197507.4,-1.129366254279953,198535.72552910948,-0.2077203766471314,True,False,False,-0.1792839230390897,False,False,False
2024-07-15,194649.4,-1.1794801242281492,194616.51627833408,0.006758099359629455,True,False,False,-0.1859212132192612,False,False,False
2024-07-22,198965.95,-0.7507184500880927,190605.53335399932,1.7171073007895643,True,False,False,-0.11302645441868908,False,True,True
2024-07-29,185992.38,-1.4542969018305774,187001.9435110943,-0.21653219103882293,True,False,False,-0.07752957210206868,False,False,False
2024-08-05,183009.47,-1.3837691723397827,182848.23204247054,0.03525697932680316,True,False,False,-0.1437724372383528,False,False,False
2024-08-12,179574.3,-1.3426030379215754,178996.558066857,0.12889891525773578,True,False,False,-0.16823838134696617,False,False,False
2024-08-19,175797.73,-2.0758822318550614,175483.84755720245,0.07148283232282893,True,False,False,-0.09880911471234288,False,False,False
2024-08-26,171397.45,-2.030982781759624,172349.9491809704,-0.2216747811973363,True,False,False,-0.08473683399985654,False,False,False
2024-09-02,168500.22,-1.8764119287051884,169596.5080768283,-0.2594031418660592,True,False,False,-0.09848055489434449,False,False,False
2024-09-09,165190.35,-1.7968459191730244,167416.1132776696,-0.5353585689971396,True,False,False,-0.08510381566897329,False,False,False
2024-09-16,164234.12,-1.5654633450980284,165782.47426774164,-0.37534249024538724,True,False,False,-0.0994493038366886,False,False,False
2024-09-23,164213.86,-1.3296282431297908,164904.93146971395,-0.16798128901150733,True,False,False,-0.0961416441154721,False,False,False
2024-09-30,128047.71,-3.9282000478435237,164823.4508988053,-10.098879105945144,True,True,True,0.147720734111224,True,True,True
2024-10-07,163943.01,-0.5086625624476583,165178.72666768596,-0.30036848659150905,True,False,False,0.016857636354694727,True,False,False
2024-10-14,165405.72,-0.30915389625221806,166481.61333502084,-0.25934032324769873,True,False,False,-0.12846755961809764,False,False,False
2024-10-21,167449.02,-0.0333095471857522,168492.91320455307,-0.2485897617970778,True,False,False,-0.14371953171512192,False,False,False
2024-10-28,170712.59,0.3155861082545364,171154.70887965235,-0.10345982258755271,True,False,False,-0.14476771891456025,False,False,False
2024-11-04,173640.96,0.6487216469809711,174456.16521560095,-0.18735155147709293,True,False,False,-0.16495903236944442,False,False,False
2024-11-11,177483.53,1.028984275347617,178224.47524715317,-0.1666414717393394,True,False,False,-0.17365664123447733,False,False,False
2024-11-18,182511.93,1.4112237632617863,182399.6609605456,0.02461287517917299,True,False,False,-0.16104683967354255,False,False,False
2024-11-25,211769.84,3.4459130617700424,186939.29935049138,4.9886425113001565,True,True,True,0.08296974177056815,True,True,True
2024-12-02,192729.23,1.2337320161114922,192054.55929169295,0.14027023351196988,True,False,False,-0.09983098286711478,False,False,False
2024-12-09,195784.21,1.2055023108632843,196853.7059177232,-0.21791039925865618,True,False,False,-0.2331893465615002,False,False,False
2024-12-16,200054.88,1.2284189245531176,201370.5366468339,-0.2621979183433609,True,False,False,-0.1938314570489909,False,False,False
2024-12-23,204443.51,1.2395755043297356,205621.65566962998,-0.22984618250141864,True,False,False,-0.2222817890296061,False,False,False
