week,dimension,segment,actual,expected,score
2024-03-18,region,Central,8825.0,9929.927350308522,-4.718582361141301
2024-09-30,region,Central,5935.0,7737.4019104687895,-10.607957308319556
2024-11-25,region,Central,10109.0,8787.136511167975,5.605488967834944
2023-12-18,region,East,10792.0,9755.571114721373,4.038664027950887
2024-03-18,region,East,9698.0,10898.899555720553,-4.66968589058169
2024-09-30,region,East,6599.0,8588.18376308913,-10.53876620178329
2024-11-25,region,East,10887.0,9711.128424837543,4.571877147894128
2023-08-14,region,North,13616.0,9896.212212993105,12.763739706020658
2024-03-18,region,North,11149.0,12499.023401701888,-4.572028224273268
2024-09-30,region,North,7764.0,9769.569135683681,-9.190987961064181
2024-11-25,region,North,12383.0,11110.10881196836,4.338766662913045
2023-12-18,region,Northeast,9095.0,8359.674024384192,3.3722151172894854
2024-03-18,region,Northeast,8249.0,9450.669795350936,-5.439745437210277
2024-09-30,region,Northeast,5690.0,7339.612506436734,-10.183032042241749
2024-11-25,region,Northeast,9432.0,8313.716331754778,5.048057693320516
2024-03-18,region,Northwest,7685.0,8607.097176936695,-4.53266956267754
2024-09-30,region,Northwest,5283.0,6700.074055393623,-9.50497844789929
2024-11-25,region,Northwest,8447.0,7604.343951474869,4.203667687038859
2023-12-18,region,South,11561.0,10378.633154904484,4.31552705084556
2024-03-18,region,South,10502.0,11719.099874997793,-4.38617054036591
2024-07-22,region,South,14270.0,10567.729242582513,12.014179403776879
2024-09-30,region,South,7078.0,9125.99886181522,-10.165439034520816
2024-11-25,region,South,11713.0,10346.920920733064,4.960414248731766
2023-12-18,region,Southeast,10051.0,9307.113516167772,3.075725202171853
2024-03-18,region,Southeast,9405.0,10445.027195754104,-4.195381438497918
2024-09-30,region,Southeast,6330.0,8143.406299622658,-10.076332826147762
2024-11-25,region,Southeast,10367.0,9282.805537298258,4.418554496121843
2024-01-29,region,West,10625.0,11800.592839414623,-4.197602241099148
2024-03-18,region,West,10754.0,11956.603221946792,-4.2402367301269095
2024-09-30,region,West,7208.0,9368.787537406723,-10.487686768634603
2024-11-25,region,West,12052.0,10645.202908180932,4.964850469757067
2024-03-18,sku,Apple 1L,4659.0,5133.931263026427,-3.882834437756415
2024-09-30,sku,Apple 1L,3200.0,4006.518737856445,-8.990876371343077
2024-11-25,sku,Apple 1L,5187.0,4563.881818825472,5.119278316588591
2024-03-18,sku,Berry 500ml,3843.0,4373.752392149857,-5.174720002011242
2024-09-30,sku,Berry 500ml,2674.0,3412.387500733787,-9.753468578798845
2024-11-25,sku,Berry 500ml,4362.0,3868.9041915480952,4.798374218893002
2024-03-18,sku,Coffee 250ml,3419.0,3776.2207324655706,-3.975023704346299
2024-09-30,sku,Coffee 250ml,2237.0,2946.6250756593868,-11.020991631144277
2024-11-25,sku,Coffee 250ml,3796.0,3362.356993048354,4.8522266669036895
2023-12-18,sku,Cola 750ml,12088.0,8384.160156596325,14.634759797069705
2024-03-18,sku,Cola 750ml,8459.0,9405.336907024604,-4.2418528363212715
2024-09-30,sku,Cola 750ml,5723.0,7354.456590422204,-10.032532995264631
2024-11-25,sku,Cola 750ml,9314.0,8313.644720826724,4.544821491332982
2023-08-14,sku,Energy 250ml,3502.0,3238.205149133379,3.1326009548924105
2024-03-18,sku,Energy 250ml,3647.0,4177.786809194798,-5.435068920244035
2024-09-30,sku,Energy 250ml,2529.0,3256.6859600453254,-10.115445358122201
2024-11-25,sku,Energy 250ml,4178.0,3668.750974218595,5.199255719801457
2024-03-18,sku,Ginger 330ml,3777.0,4265.323922581473,-4.863523334078437
2024-09-30,sku,Ginger 330ml,2581.0,3334.5916317437404,-10.246932075253454
2024-11-25,sku,Ginger 330ml,4143.0,3749.260341988556,3.994463388164746
2023-12-18,sku,Lemon 600ml,10100.0,7208.075392244293,13.493337762901163
2024-01-29,sku,Lemon 600ml,7378.0,7981.1326146454185,-3.1431093550285993
2024-03-18,sku,Lemon 600ml,7363.0,8132.166741976313,-3.974397663734024
2024-09-30,sku,Lemon 600ml,4840.0,6388.172711779854,-11.101341846741732
2024-11-25,sku,Lemon 600ml,8150.0,7200.091169419562,4.956969555661814
2024-03-18,sku,Lime 330ml,3210.0,3551.2708706175554,-4.041383760196311
2024-09-30,sku,Lime 330ml,2191.0,2767.801485531916,-9.347810276624209
2024-11-25,sku,Lime 330ml,3602.0,3151.964334694508,5.338535598285574
2023-08-14,sku,Mango 1L,4078.0,3763.975834950394,3.20523481979194
2024-03-18,sku,Mango 1L,4170.0,4770.6447608124445,-5.382617197461812
2024-09-30,sku,Mango 1L,2872.0,3689.132997121879,-10.015312765177207
2024-11-25,sku,Mango 1L,4636.0,4200.690939631746,3.9441161712898065
2024-03-18,sku,Orange 500ml,5849.0,6471.309847474815,-4.044313237587218
2024-09-30,sku,Orange 500ml,3895.0,5036.8046886214715,-10.283128454032635
2024-11-25,sku,Orange 500ml,6287.0,5682.00420323332,4.047199448952341
2024-03-18,sku,Soda 1L,6197.0,6937.356792235896,-4.514221292757199
2024-09-30,sku,Soda 1L,4200.0,5410.277856593334,-10.12863704256489
2024-11-25,sku,Soda 1L,7004.0,6178.926032663075,5.013477567126969
2024-03-18,sku,Tea 500ml,4859.0,5387.543954090082,-4.130278340184859
2024-09-30,sku,Tea 500ml,3394.0,4265.8424649137505,-9.145220979976756
2024-11-25,sku,Tea 500ml,5465.0,4804.519934392177,5.152279751733744
2024-03-18,sku,Tonic 250ml,2779.0,3165.349222173872,-5.206889500336693
2024-09-30,sku,Tonic 250ml,1926.0,2478.398556077613,-10.086691788068869
2024-11-25,sku,Tonic 250ml,3201.0,2799.470749548071,5.361315187650817
2024-03-18,sku,Water 1L,7596.0,8820.623168090702,-5.9788291420529305
2024-09-30,sku,Water 1L,5324.0,6800.961764501026,-9.793565504164263
2024-11-25,sku,Water 1L,8657.0,7695.8988809958255,4.707226724811804
2024-03-18,sku,Water 500ml,6440.0,7137.691313705224,-4.114433541135725
2024-09-30,sku,Water 500ml,4301.0,5627.985892572416,-10.756163151886255
2024-11-25,sku,Water 500ml,7408.0,6440.474599245339,5.598330576320336
2024-09-30,channel,Convenience,14343.0,18722.580462336577,-10.658731537915145
2024-11-25,channel,Convenience,30522.0,21171.6292950183,14.631427617425743
2023-12-18,channel,Modern trade,48540.0,41854.50121661929,5.92755412776107
2024-07-22,channel,Modern trade,45917.0,42445.27421165599,3.1447935319260267
2024-09-30,channel,Modern trade,28758.0,36730.31006249841,-9.787452482371535
2024-03-18,channel,Online,5074.0,14515.476547793767,-42.04343868648529
2024-09-30,channel,Online,8786.0,11349.64496220623,-10.24107668086721
