metric,week,actual,expected,gap,narrative
revenue,2023-07-10,183372.62,190902.40500000003,-7529.785,"Revenue recorded a $7,530 decrease (-3.9%) versus the prior four-week average. West contributed 19.7% of the net gap. The largest individual driver was Mango 1L in North / Modern trade, with units changing -15.4%. Validate inventory, pricing, and campaign records before assigning a business cause."
revenue,2023-08-14,175331.46,175380.685,-49.22500000000082,"Revenue was close to the prior four-week baseline ($175,331 versus $175,381). The net gap is too small for stable contribution percentages. Inspect offsetting segment movements."
revenue,2023-12-18,192760.54,177088.9575,15671.582500000002,"Revenue recorded a $15,672 increase (+8.8%) versus the prior four-week average. South contributed 18.9% of the net gap. The largest individual driver was Cola 750ml in South / Modern trade, with units changing +105.9%. Validate inventory, pricing, and campaign records before assigning a business cause."
revenue,2024-01-29,202149.77,200355.6725,1794.0974999999994,"Revenue recorded a $1,794 increase (+0.9%) versus the prior four-week average. North contributed 58.2% of the net gap. The largest individual driver was Cola 750ml in Northeast / Modern trade, with units changing +21.1%. An offsetting decline of $2,136 occurred in West. Validate inventory, pricing, and campaign records before assigning a business cause."
revenue,2024-03-18,189517.14,209672.905,-20155.765,"Revenue recorded a $20,156 decrease (-9.6%) versus the prior four-week average. North contributed 15.1% of the net gap. The largest individual driver was Cola 750ml in West / Online, with units changing -64.0%. Validate inventory, pricing, and campaign records before assigning a business cause."
revenue,2024-05-20,258192.29,213194.985,44997.30500000001,"Revenue recorded a $44,997 increase (+21.1%) versus the prior four-week average. South contributed 14.9% of the net gap. The largest individual driver was Cola 750ml in South / Modern trade, with units changing +8.4%. Validate inventory, pricing, and campaign records before assigning a business cause."
revenue,2024-07-22,198965.95,199231.7475,-265.7975000000006,"Revenue recorded a $266 decrease (-0.1%) versus the prior four-week average. North contributed 595.2% of the net gap. The largest individual driver was Cola 750ml in Central / Modern trade, with units changing -13.9%. An offsetting gain of $7,841 occurred in South. Validate inventory, pricing, and campaign records before assigning a business cause."
revenue,2024-09-30,128047.71,165534.6375,-37486.927500000005,"Revenue recorded a $37,487 decrease (-22.6%) versus the prior four-week average. West contributed 14.2% of the net gap. The largest individual driver was Cola 750ml in East / Modern trade, with units changing -30.9%. Validate inventory, pricing, and campaign records before assigning a business cause."
revenue,2024-11-25,211769.84,176087.2525,35682.587499999994,"Revenue recorded a $35,683 increase (+20.3%) versus the prior four-week average. West contributed 14.5% of the net gap. The largest individual driver was Cola 750ml in West / Convenience, with units changing +69.7%. Validate inventory, pricing, and campaign records before assigning a business cause."
units,2023-07-10,74351.0,77407.5,-3056.5,"Units recorded a 3,056 units decrease (-3.9%) versus the prior four-week average. West contributed 18.5% of the net gap. The largest individual driver was Water 1L in Northeast / Modern trade, with units changing -19.3%. Validate inventory, pricing, and campaign records before assigning a business cause."
units,2023-08-14,71073.0,71108.0,-35.0,"Units was close to the prior four-week baseline (71,073 units versus 71,108 units). The net gap is too small for stable contribution percentages. Inspect offsetting segment movements."
units,2023-12-18,82546.0,71808.5,10737.5,"Units recorded a 10,738 units increase (+15.0%) versus the prior four-week average. South contributed 16.6% of the net gap. The largest individual driver was Cola 750ml in South / Modern trade, with units changing +105.9%. Validate inventory, pricing, and campaign records before assigning a business cause."
units,2024-01-29,82256.0,81317.75,938.25,"Units recorded a 938 units increase (+1.2%) versus the prior four-week average. North contributed 52.7% of the net gap. The largest individual driver was Cola 750ml in Northeast / Modern trade, with units changing +21.1%. An offsetting decline of 788 units occurred in West. Validate inventory, pricing, and campaign records before assigning a business cause."
units,2024-03-18,76267.0,84972.0,-8705.0,"Units recorded a 8,705 units decrease (-10.2%) versus the prior four-week average. North contributed 15.1% of the net gap. The largest individual driver was Water 1L in North / Online, with units changing -66.1%. Validate inventory, pricing, and campaign records before assigning a business cause."
units,2024-07-22,80981.0,80751.0,230.0,"Units recorded a 230 units increase (+0.3%) versus the prior four-week average. South contributed 1450.7% of the net gap. The largest individual driver was Water 1L in South / Modern trade, with units changing +90.9%. An offsetting decline of 591 units occurred in North. Validate inventory, pricing, and campaign records before assigning a business cause."
units,2024-09-30,51887.0,67086.0,-15199.0,"Units recorded a 15,199 units decrease (-22.7%) versus the prior four-week average. West contributed 14.7% of the net gap. The largest individual driver was Cola 750ml in East / Modern trade, with units changing -30.9%. Validate inventory, pricing, and campaign records before assigning a business cause."
units,2024-11-25,85390.0,71396.25,13993.75,"Units recorded a 13,994 units increase (+19.6%) versus the prior four-week average. West contributed 14.4% of the net gap. The largest individual driver was Cola 750ml in West / Convenience, with units changing +69.7%. Validate inventory, pricing, and campaign records before assigning a business cause."
