week,revenue,units,revenue_wow,units_wow,revenue_yoy,units_yoy
2023-01-02,180599.4199999999,73260.0,,,,
2023-01-09,182756.2999999997,74164.0,0.011942895497669914,0.012339612339612449,,
2023-01-16,186216.53999999995,75387.0,0.01893362910061236,0.01649048055660418,,
2023-01-23,188053.94000000012,76197.0,0.009867007517163406,0.01074455808030561,,
2023-01-30,188550.16,76480.0,0.0026387109996199865,0.0037140569838707282,,
2023-02-06,190942.1399999999,77397.0,0.012686173270815004,0.011990062761506382,,
2023-02-13,192743.94000000003,78152.0,0.009436366430166432,0.009754900060725769,,
2023-02-20,194337.45999999996,78843.0,0.008267549163931909,0.008841744293172304,,
2023-02-27,195530.78999999995,79208.0,0.006140504254815271,0.004629453470821776,,
2023-03-06,195254.67000000004,79158.0,-0.0014121561110651548,-0.000631249368750586,,
2023-03-13,195717.88999999993,79350.0,0.002372388839662065,0.0024255286894565575,,
2023-03-20,196118.15000000008,79438.0,0.0020450864251611023,0.0011090107120352855,,
2023-03-27,195836.62999999998,79504.0,-0.0014354612257972965,0.0008308366273068746,,
2023-04-03,195576.77000000037,79354.0,-0.0013269223433818311,-0.0018866975246528694,,
2023-04-10,197039.39000000004,79895.0,0.007478495528889573,0.006817551730221583,,
2023-04-17,196811.96,79850.0,-0.001154236216423743,-0.0005632392515175777,,
2023-04-24,198409.46999999997,80468.0,0.008116935576476081,0.007739511584220482,,
2023-05-01,198757.05,80520.0,0.001751831704404072,0.0006462196152507982,,
2023-05-08,197629.44999999995,79960.0,-0.005673257879406202,-0.006954793840039719,,
2023-05-15,197885.39,80146.0,0.0012950499027348794,0.0023261630815407663,,
2023-05-22,197178.52999999974,79836.0,-0.003572067649866839,-0.003867941007660969,,
2023-05-29,195652.0499999998,79162.0,-0.007741613653372559,-0.00844230672879398,,
2023-06-05,196000.4,79496.0,0.0017804566831789437,0.004219196078926846,,
2023-06-12,194230.13000000015,78875.0,-0.0090319713633229,-0.007811713796920583,,
2023-06-19,192196.40000000002,77809.0,-0.01047072356899581,-0.01351505546751186,,
2023-06-26,189251.53999999998,76718.0,-0.015322139228414522,-0.014021514220719955,,
2023-07-03,187931.5500000001,76228.0,-0.006974791327985397,-0.006387027816157853,,
2023-07-10,183372.6199999998,74351.0,-0.024258460061657106,-0.02462349792727081,,
2023-07-17,180223.22,72973.0,-0.017174865037101972,-0.01853371171873952,,
2023-07-24,178202.95999999985,72249.0,-0.01120976531215101,-0.009921477806860035,,
2023-07-31,174211.77999999997,70678.0,-0.022396822140327455,-0.02174424559509469,,
2023-08-07,168884.7800000001,68532.0,-0.030577725570566372,-0.030363054981748183,,
2023-08-14,175331.4600000001,71073.0,0.03817206026499265,0.0370775696025214,,
2023-08-21,162370.80000000002,65934.0,-0.07392090386973382,-0.0723059389641636,,
2023-08-28,160359.68999999986,64950.0,-0.012385909289109653,-0.014924014924014961,,
2023-09-04,156804.4299999999,63469.0,-0.022170534253339813,-0.022802155504234034,,
2023-09-11,154763.79999999987,62604.0,-0.013013854264194213,-0.013628700625502255,,
2023-09-18,153596.61,62402.0,-0.00754175071948282,-0.0032266308862053394,,
2023-09-25,153678.59999999998,62231.0,0.0005338008436512887,-0.002740296785359475,,
2023-10-02,151878.45,61535.0,-0.011713732425984946,-0.01118413652359751,,
2023-10-09,153775.0500000002,62390.0,0.012487617565231757,0.013894531567400614,,
2023-10-16,154105.31000000006,62395.0,0.0021476826052071463,8.014104824494162e-05,,
2023-10-23,156065.28999999986,63193.0,0.01271844558762969,0.01278948633704613,,
2023-10-30,159022.23000000013,64449.0,0.018946813862328105,0.019875619135030886,,
2023-11-06,162382.73999999996,65768.0,0.021132328480111484,0.02046579465934295,,
2023-11-13,166170.15999999986,67356.0,0.02332403062049515,0.02414548108502612,,
2023-11-20,170728.0,69195.0,0.02742875134741496,0.02730269018350251,,
2023-11-27,175205.5599999998,71092.0,0.026226278056322272,0.027415275670207295,,
2023-12-04,179513.30000000013,72903.0,0.02458677681233601,0.025474033646542438,,
2023-12-11,182908.96999999986,74044.0,0.018915980041588565,0.01565093343209467,,
2023-12-18,192760.53999999992,82546.0,0.05386050777061446,0.11482361838906585,,
2023-12-25,190207.19999999998,77161.0,-0.01324617579925813,-0.06523635306374631,,
2024-01-01,195873.50999999986,79537.0,0.02979019721650844,0.030792757999507536,0.0845744133619033,0.08568113568113578
2024-01-08,198424.88999999987,80525.0,0.013025651094933588,0.012421891698203291,0.08573488301087395,0.08576937597756329
2024-01-15,201803.60000000003,81878.0,0.017027652125699344,0.016802235330642734,0.08370395025060651,0.0861023783941528
2024-01-22,205320.6900000001,83331.0,0.017428281755132558,0.017745914653508832,0.09181807092156613,0.09362573329658641
2024-01-29,202149.77000000014,82256.0,-0.01544374315126229,-0.012900361210113842,0.07212727902219829,0.0755230125523012
2024-02-05,205546.7500000001,83276.0,0.016804273386014534,0.012400311223497384,0.07648709708606072,0.07595901649934755
2024-02-12,208218.14000000004,84219.0,0.012996508093657377,0.011323790768048347,0.08028371735059481,0.07763077080560965
2024-02-19,209134.02999999988,84809.0,0.004398704166696632,0.007005545067027663,0.07613853757273525,0.07566936823814419
2024-02-26,209605.01000000004,85008.0,0.0022520486025165987,0.002346449079696722,0.07197955882037865,0.0732249267750733
2024-03-04,209619.74999999997,84992.0,7.032274657903237e-05,-0.00018821757952192097,0.07357099320594962,0.07370069986609051
2024-03-11,210332.8299999999,85079.0,0.003401778696902058,0.0010236257530120696,0.07467350072085899,0.0721991178323882
2024-03-18,189517.14,76267.0,-0.09896548246890369,-0.10357432503908137,-0.033658332999776275,-0.03991792341196909
2024-03-25,212801.44999999992,86290.0,0.1228612356644887,0.13141988015786654,0.08662740979560346,0.08535419601529481
2024-04-01,211765.06000000014,85757.0,-0.004870220574153872,-0.006176845520917795,0.08277204905265467,0.0806890641933613
2024-04-08,211791.9900000001,85850.0,0.00012716923178901496,0.0010844595776438037,0.07487132395202845,0.07453532761749804
2024-04-15,212332.85,86180.0,0.002553732084012772,0.0038439138031449716,0.07886151837520461,0.07927363807138388
2024-04-22,213920.23999999993,86809.0,0.007475951083404819,0.0072986771872824985,0.07817555281005473,0.07880151115971556
2024-04-29,211924.5599999999,85900.0,-0.0093290845223436,-0.01047126450022462,0.06624927266730873,0.06681569796323905
2024-05-06,213968.37000000017,86502.0,0.009644045031874882,0.007008149010477194,0.08267452042193213,0.08181590795397709
2024-05-13,212966.77000000002,86302.0,-0.004681065710787746,-0.0023120852697047223,0.07621270069508412,0.07680982207471354
2024-05-20,258192.2900000001,85827.0,0.21235951505486073,-0.005503928066556973,0.30943409508124664,0.07504133473620933
2024-05-27,212002.8100000002,86157.0,-0.17889565951020414,0.003844943898773101,0.08357060403916239,0.08836310350925958
2024-06-03,211429.61000000007,85608.0,-0.002703737747627666,-0.006372088164629641,0.07872029853000351,0.07688437154070638
2024-06-10,208977.07000000012,84739.0,-0.011599794371280114,-0.010150920474721992,0.07592508948019527,0.07434548335974633
2024-06-17,206637.54000000018,83840.0,-0.011195151697743433,-0.010609046601918859,0.0751374115227974,0.07751031371692219
2024-06-24,203833.49,82753.0,-0.013569896350876909,-0.012965171755725202,0.07705062796318596,0.07866472014390369
2024-07-01,200936.7,81385.0,-0.014211550810418694,-0.01653112273875268,0.0692015257682912,0.06765230623917717
2024-07-08,197507.40000000017,79967.0,-0.017066568725373932,-0.01742335811267437,0.07708228196772438,0.07553361757071198
2024-07-15,194649.4,78899.0,-0.014470343895976456,-0.01335550914752337,0.08004617828934579,0.08120811807106731
2024-07-22,198965.94999999995,80981.0,0.02217602520223516,0.026388167150407593,0.1165131600507654,0.12085980428794851
2024-07-29,185992.3800000001,75527.0,-0.06520497602730446,-0.06734913127770714,0.06762229282084209,0.06860692153145243
2024-08-05,183009.47000000003,74387.0,-0.016037807570396523,-0.015093939915526877,0.08363506764789541,0.0854345415280453
2024-08-12,179574.29999999987,73032.0,-0.01877044941991335,-0.01821554841571782,0.024198965776020875,0.02756320965767589
2024-08-19,175797.72999999984,71222.0,-0.02103068200739211,-0.024783656479351546,0.08269300884149011,0.08020141353474686
2024-08-26,171397.45000000013,69472.0,-0.02503035733168857,-0.02457105950408578,0.06883126301878151,0.06962278675904532
2024-09-02,168500.21999999983,68131.0,-0.016903577036882944,-0.01930274067250115,0.07458839013668128,0.07345318186831373
2024-09-09,165190.3499999999,67077.0,-0.01964311975378985,-0.01547019712025366,0.06737072881384432,0.07144910868315124
2024-09-16,164234.1200000001,66484.0,-0.005788655330046688,-0.008840586191988353,0.06925615090072701,0.06541457004583195
2024-09-23,164213.8600000001,66652.0,-0.0001233604807576727,0.0025269237711329495,0.06855385200021424,0.0710417637511851
2024-09-30,128047.71000000002,51887.0,-0.22023810901223595,-0.22152373522174873,-0.15690665792283232,-0.15678881937108957
2024-10-07,163943.0100000001,66521.0,0.2803275435382646,0.2820359627652398,0.06612230007403608,0.06621253405994554
2024-10-14,165405.72000000015,67106.0,0.00892206383181593,0.008794215360562907,0.07332914096211285,0.0755028447792292
2024-10-21,167449.01999999981,67812.0,0.0123532608183059,0.010520668792656451,0.07294210006594004,0.07309353884132741
2024-10-28,170712.58999999997,69110.0,0.019489931920773085,0.019141154957824646,0.07351399864031483,0.0723207497401046
2024-11-04,173640.9599999999,70370.0,0.017153802188812906,0.018231804369845284,0.06933138337239497,0.06997323926529608
2024-11-11,177483.53000000006,72132.0,0.022129398501368414,0.02503907915304815,0.06808304210575589,0.07090682344557275
2024-11-18,182511.92999999993,73973.0,0.02833164294174151,0.02552265291410194,0.06902166018462075,0.06905123202543528
2024-11-25,211769.83999999988,85390.0,0.1603068358325943,0.15434009706244178,0.20869360538558324,0.2011196759129017
2024-12-02,192729.22999999998,78177.0,-0.08991181180474006,-0.08447124956083851,0.07362089605616884,0.072342701946422
2024-12-09,195784.20999999996,79352.0,0.015851150341855247,0.015029996034639392,0.07039151770413521,0.07168710496461572
2024-12-16,200054.8800000001,81082.0,0.021813148261548454,0.02180159290251038,0.03784145863048627,-0.01773556562401568
2024-12-23,204443.51000000004,82901.0,0.021937130451403775,0.022434079080437153,0.07484632548084424,0.07438991200217737
