week,units,rolling_score,expected,seasonal_score,eligible,rolling_z,seasonal,isolation_score,isolation_forest,ensemble,segment_alert
2023-01-02,73260,,,,False,False,False,,False,False,False
2023-01-09,74164,,,,False,False,False,,False,False,False
2023-01-16,75387,,,,False,False,False,,False,False,False
2023-01-23,76197,,,,False,False,False,,False,False,False
2023-01-30,76480,,,,False,False,False,,False,False,False
2023-02-06,77397,,,,False,False,False,,False,False,False
2023-02-13,78152,,,,False,False,False,,False,False,False
2023-02-20,78843,,,,False,False,False,,False,False,False
2023-02-27,79208,,,,False,False,False,,False,False,False
2023-03-06,79158,,,,False,False,False,,False,False,False
2023-03-13,79350,,,,False,False,False,,False,False,False
2023-03-20,79438,,,,False,False,False,,False,False,False
2023-03-27,79504,1.0489868970182787,,,False,False,False,,False,False,False
2023-04-03,79354,0.8674004594584624,,,False,False,False,,False,False,False
2023-04-10,79895,1.1493330718651837,,,False,False,False,,False,False,False
2023-04-17,79850,1.021112308708944,,,False,False,False,,False,False,False
2023-04-24,80468,1.5281553475155636,,,False,False,False,,False,False,False
2023-05-01,80520,1.6111050079830602,,,False,False,False,,False,False,False
2023-05-08,79960,0.606035187787034,,,False,False,False,,False,False,False
2023-05-15,80146,0.6492609476447023,,,False,False,False,,False,False,False
2023-05-22,79836,0.12342569532770079,,,False,False,False,,False,False,False
2023-05-29,79162,-0.7869624294632109,,,False,False,False,,False,False,False
2023-06-05,79496,-0.3687793934722601,,,False,False,False,,False,False,False
2023-06-12,78875,-1.1621410796874423,,,False,False,False,,False,False,False
2023-06-19,77809,-2.440584034956837,,,False,False,False,,False,False,False
2023-06-26,76718,-3.6378537761770033,,,False,False,False,,False,False,False
2023-07-03,76228,-2.8100594247366697,76229.74142661232,-0.0009137884877929991,True,False,False,-0.06025355751493833,False,False,False
2023-07-10,74351,-3.3037056588769587,75226.45315197132,-0.4682326808833892,True,True,False,0.07482119254091779,True,True,False
2023-07-17,72973,-2.8963368316334597,73570.43233018063,-0.3261480262026595,True,False,False,0.08839216554620888,True,False,False
2023-07-24,72249,-2.351644363760682,71906.3031598884,0.19018238146138344,True,False,False,-0.024306004350345467,False,False,False
2023-07-31,70678,-2.359952316567814,70695.72128867007,-0.010028052512893737,True,False,False,0.06268286608208973,True,False,False
2023-08-07,68532,-2.4568753270924586,69315.4303151961,-0.4546700644434054,True,False,False,0.0800326915919427,True,False,False
2023-08-14,71073,-1.192094955913784,67537.5430791991,2.040955233027617,True,False,False,0.014594931368384745,True,True,True
2023-08-21,65934,-2.392171774499327,67699.14771411306,-1.0567739595905579,True,False,False,0.033928939447490314,True,False,False
2023-08-28,64950,-2.0681197333407724,65514.207112387965,-0.3459711393544751,True,False,False,-0.024260558563949264,False,False,False
2023-09-04,63469,-2.0017214317219474,64136.82320090804,-0.41868264713407655,True,False,False,-0.013719666793040708,False,False,False
2023-09-11,62604,-1.8220209595434107,62816.10576701381,-0.13529312094050283,True,False,False,-0.02797125532816913,False,False,False
2023-09-18,62402,-1.55899410946871,61854.72308593533,0.35235466659621295,True,False,False,-0.02511812948617298,False,False,False
2023-09-25,62231,-1.3620529129905306,61473.28740563098,0.49002154180655566,True,False,False,-0.026304513454811884,False,False,False
2023-10-02,61535,-1.3421994265685115,61479.29504235031,0.036226658983409266,True,False,False,-0.05482061890191148,False,False,False
2023-10-09,62390,-0.9661664439237442,61413.95223354408,0.6307184683827671,True,False,False,-0.05654735574067493,False,False,False
2023-10-16,62395,-0.8309207758280088,62074.25047365442,0.20615548667230144,True,False,False,-0.11405343081027297,False,False,False
2023-10-23,63193,-0.4812664557351805,62718.65020355077,0.30138722814349705,True,False,False,-0.05513016280611294,False,False,False
2023-10-30,64449,0.0762336597070333,63690.85661291613,0.47332797377116265,True,False,False,-0.008060691209353599,False,False,False
2023-11-06,65768,0.7232754299394115,65050.29927059231,0.438903691115371,True,False,False,-0.019971686823334167,False,False,False
2023-11-13,67356,2.645523089359797,66635.95459102637,0.429907805955807,True,False,False,-0.03028187677052019,False,False,False
2023-11-20,69195,3.2524028547794748,68431.61729489874,0.44374586785721704,True,True,False,-0.020666442867877666,False,False,False
2023-11-27,71092,3.039951263710924,70414.87866649873,0.3828090947722984,True,True,False,-0.026593144223289178,False,False,False
2023-12-04,72903,2.6684842541552336,72485.7922773571,0.2295686545262754,True,False,False,-0.05659902620418,False,False,False
2023-12-11,74044,2.2302665157190016,74518.73190087023,-0.25564070378500503,True,False,False,-0.1108474189235168,False,False,False
2023-12-18,82546,3.6222883754802613,76209.4801139153,3.1947939125053892,True,True,True,0.03322635911512817,True,True,True
2023-12-25,77161,1.4555830283818945,78876.59616522984,-0.8796163705317639,True,False,False,0.059476852301302285,True,False,False
2024-01-01,79537,1.591729747129178,79920.06751452398,-0.19218627680146483,True,False,False,-0.1837019602575587,False,False,False
2024-01-08,80525,1.4741602098659177,81306.2879394567,-0.3862264309788799,True,False,False,0.052364618556241305,True,False,False
2024-01-15,81878,1.4556803707081072,82376.22611053864,-0.2426617081829363,True,False,False,0.018962911908325775,True,False,False
2024-01-22,83331,1.4724824092546578,83331.47648265159,-0.00022871742295649256,True,False,False,0.02436776473481872,True,False,False
2024-01-29,82256,1.0958015298305912,84222.64500230174,-0.9450997118661064,True,False,False,-0.04557937865129347,False,True,True
2024-02-05,83276,1.1365028853445793,84434.75265914491,-0.5527474320885517,True,False,False,-0.016911970353959083,False,False,False
2024-02-12,84219,1.1908514343400194,84670.28218968464,-0.21376525869492013,True,False,False,-0.035921177474664945,False,False,False
2024-02-19,84809,1.1989341650635765,84924.66491863494,-0.05451596728050845,True,False,False,-0.015789143932580463,False,False,False
2024-02-26,85008,1.1406720215167931,85145.4293668386,-0.06461434117845499,True,False,False,-0.01607818198886868,False,False,False
2024-03-04,84992,1.0504647205074544,85294.67013281089,-0.1421933737069736,True,False,False,-0.029519948829110243,False,False,False
2024-03-11,85079,1.087753428495096,85378.98866692354,-0.14079198234476564,True,False,False,-0.06252495974952677,False,False,False
2024-03-18,76267,-2.539172255601402,85453.5081029634,-4.549284868560193,True,False,True,0.015770252813745667,True,True,True
2024-03-25,86290,1.3639636163915485,85254.06593305318,0.4831162905824016,True,False,False,0.08364228679043395,True,False,False
2024-04-01,85757,0.9564189808241002,85556.3681347241,0.09369120889381577,True,False,False,-0.1096111264464622,False,False,False
2024-04-08,85850,0.843103605875865,85756.15719146018,0.04374799572701704,True,False,False,-0.1340621364639809,False,False,False
2024-04-15,86180,0.8384308323976799,85958.07009608042,0.10314047404307303,True,False,False,-0.12741546187009423,False,False,False
2024-04-22,86809,0.960079559499801,86178.06355311943,0.29178563145237035,True,False,False,-0.13167232389785288,False,False,False
2024-04-29,85900,0.4874885052524635,86425.80980676682,-0.24410107303374673,True,False,False,-0.12062938084507224,False,False,False
2024-05-06,86502,0.6266441248994373,86484.94974169617,0.00788510734921033,True,False,False,-0.1311365371418587,False,False,False
2024-05-13,86302,0.47954424257641465,86521.29848299766,-0.10151344297860021,True,False,False,-0.15818542632779975,False,False,False
2024-05-20,85827,0.26393656830685147,86411.93176703496,-0.2716849250053599,True,False,False,-0.17404971556605753,False,False,False
2024-05-27,86157,0.35517206010218233,86109.95651490036,0.021846783490389043,True,False,False,-0.14717737280314902,False,False,False
2024-06-03,85608,0.12751028267842962,85696.00848889665,-0.041100496090464844,True,False,False,-0.18592274474003012,False,False,False
2024-06-10,84739,-0.19167275311801985,85068.14848952189,-0.155069514885966,True,False,False,-0.15132859370146295,False,False,False
2024-06-17,83840,-2.5041645629849625,84204.54452311351,-0.17354688710618404,True,False,False,-0.1579831284071888,False,False,False
2024-06-24,82753,-3.539196344530346,83128.46585946098,-0.18107701121103048,True,True,False,-0.12889090695756666,False,False,False
2024-07-01,81385,-3.4972834636179937,81857.01234833252,-0.2313196986489885,True,True,False,-0.10875815638907538,False,False,False
2024-07-08,79967,-3.096691011341395,80407.8500325944,-0.2199103627075516,True,True,False,-0.11647661247919638,False,False,False
2024-07-15,78899,-2.599787888931016,78831.64736207562,0.034160839707197965,True,False,False,-0.12222266326788456,False,False,False
2024-07-22,80981,-1.1373044062345654,77223.34945618644,1.9005077543784665,True,False,False,-0.07368482266847576,False,True,True
2024-07-29,75527,-2.9790050869048956,75771.00787359853,-0.12902117540527058,True,False,False,-0.011367648034589561,False,False,False
2024-08-05,74387,-2.439644663882356,74112.25651981296,0.14801086556701648,True,False,False,-0.10972844184661679,False,False,False
2024-08-12,73032,-2.1970403775104543,72576.57375234197,0.2502202836230083,True,False,False,-0.14747025472160802,False,False,False
2024-08-19,71222,-2.1281374990831496,71175.16942446519,0.02630983602408321,True,False,False,-0.04203011844966231,False,False,False
2024-08-26,69472,-2.06394809155632,69893.1394130188,-0.24174808517066992,True,False,False,-0.03757327600173199,False,False,False
2024-09-02,68131,-1.9265571011864355,68766.87454078963,-0.37159327182571644,True,False,False,-0.03543414596428718,False,False,False
2024-09-09,67077,-1.7739209441545059,67856.07896188801,-0.4619105265702217,True,False,False,-0.042294047905630405,False,False,False
2024-09-16,66484,-1.5855333628668395,67194.47795552253,-0.42519014651666964,True,False,False,-0.06046880366442242,False,False,False
2024-09-23,66652,-1.3133389473056698,66820.04944229472,-0.1007249273813926,True,False,False,-0.0613028051908473,False,False,False
2024-09-30,51887,-3.905049600048651,66785.20950883126,-10.096534575513303,True,True,True,0.161350270169216,True,True,True
2024-10-07,66521,-0.5037969604647068,66918.7009384758,-0.23843105956181887,True,False,False,0.00962389110878592,True,False,False
2024-10-14,67106,-0.3073430766060803,67446.84359353626,-0.20265306238819392,True,False,False,-0.13688053815176338,False,False,False
2024-10-21,67812,-0.051701313022886546,68263.17035287294,-0.26524868863553763,True,False,False,-0.1446833780266305,False,False,False
2024-10-28,69110,0.2915258425301835,69333.7974882048,-0.12932189795648696,True,False,False,-0.13619551747270647,False,False,False
2024-11-04,70370,0.6418186771713601,70664.12435429292,-0.1668389303917195,True,False,False,-0.15329347194763737,False,False,False
2024-11-11,72132,1.0714642040462117,72193.76073579743,-0.03423407671782286,True,False,False,-0.14015147308139692,False,False,False
2024-11-18,73973,1.4049245519995848,73910.01753134771,0.0340715105827627,True,False,False,-0.15614950891195645,False,False,False
2024-11-25,85390,3.3547934620420503,75756.79886135476,4.788032144496128,True,True,True,0.06234553527508535,True,True,True
2024-12-02,78177,1.2574263464573447,77836.09168701422,0.1748103838661308,True,False,False,-0.08192116484026113,False,False,False
2024-12-09,79352,1.21790114380412,79796.93605269952,-0.22365827781484882,True,False,False,-0.17325524207018644,False,False,False
2024-12-16,81082,1.239269148719627,81637.57154895067,-0.2731441350346131,True,False,False,-0.12753746979435804,False,False,False
2024-12-23,82901,1.2542129534669206,83369.79026685291,-0.22555567735302873,True,False,False,-0.17018587636359528,False,False,False
2024-12-30,84612,1.524406638898956,84967.50921481206,-0.16771353438905123,True,False,False,-0.14326913478186576,False,False,False
2025-01-06,85736,1.4494630992147826,86398.12917362695,-0.3077286032744553,True,False,False,-0.15276897392109762,False,False,False
2025-01-13,87117,1.4433888566781672,87600.74998881503,-0.22150066607039776,True,False,False,-0.11227989973274949,False,False,False
2025-01-20,88040,1.3904955323012873,88607.04103429469,-0.25680270832964425,True,False,False,-0.10807901511874768,False,False,False
2025-01-27,88156,1.2355974193003674,89396.76853932318,-0.5590625243662117,True,False,False,-0.15427527159030824,False,True,True
2025-02-03,89576,1.3691242898725176,89932.65938175003,-0.15894936870424203,True,False,False,-0.13754985265438857,False,False,False
2025-02-10,89743,1.2875527756680094,90373.16943838423,-0.2798958079662839,True,False,False,-0.10905381866720343,False,False,False
2025-02-17,90883,1.5161461612363898,90652.27716131066,0.101676309542853,True,False,False,-0.11969516183582768,False,False,False
2025-02-24,90850,1.2725649544014226,90900.96745102672,-0.022433972408535396,True,False,False,-0.08991320326963337,False,False,False
2025-03-03,91585,1.3274621335985208,91059.77341587072,0.23005444813968268,True,False,False,-0.105415705510426,False,False,False
2025-03-10,91359,1.145397793037225,91231.31944746569,0.05594188070077166,True,False,False,-0.11634866911575492,False,False,False
2025-03-17,90860,0.8780219693662958,91364.50402441295,-0.2214873641229076,True,False,False,0.05690471366542793,True,False,False
2025-03-24,91769,1.1807828646089589,91462.09585109206,0.13399666011373768,True,False,False,-0.14115219868964574,False,False,False
2025-03-31,91104,0.7481303081041107,91647.39631996321,-0.2378741535625295,True,False,False,-0.1356634923653507,False,False,False
2025-04-07,91665,1.0137598512957708,91798.20908849771,-0.05808646325050404,True,False,False,-0.16167549863118763,False,False,False
2025-04-14,91933,1.1281331918488384,91999.98785932989,-0.029135768660637495,True,False,False,-0.16377354795229482,False,False,False
2025-04-21,91964,1.05521944495718,92210.74059586193,-0.10717680076311353,True,False,False,-0.14372081581472046,False,False,False
2025-04-28,86010,-5.595125177102888,92388.15780130286,-2.8614095818878127,True,True,False,-0.10227359932682067,False,True,True
2025-05-05,92203,0.8515236730549608,92381.43801683842,-0.0773361283712859,True,False,False,-0.09074677985386381,False,False,False
2025-05-12,92451,0.8734397341296821,92419.8987876071,0.013458565037680614,True,False,False,-0.15456284192265723,False,False,False
2025-05-19,91853,0.41738537043119744,92347.35245597368,-0.21470258282157317,True,False,False,-0.1610056961335491,False,False,False
2025-05-26,91595,0.2145908282540394,92077.7143083172,-0.2102502471367984,True,False,False,-0.16695707385693087,False,False,False
2025-06-02,90594,-0.3738274969955927,91615.97580860852,-0.44870716692976487,True,False,False,-0.1515805381710698,False,False,False
2025-06-09,90234,-0.5449242838377852,90903.30225272727,-0.295601310355309,True,False,False,-0.1795853019870312,False,False,False
2025-06-16,89769,-0.7771959634205179,89986.67355841545,-0.09687534663193276,True,False,False,-0.1758019597644357,False,False,False
2025-06-23,88561,-1.3572392736038315,88873.39904886144,-0.14085177320097841,True,False,False,-0.18251924155046667,False,False,False
2025-06-30,86965,-1.998736354827568,87542.70105783775,-0.2648379021541558,True,False,False,-0.16588123335021127,False,False,False
2025-07-07,85836,-2.1005223104931092,86011.16963161867,-0.08154673372331445,True,False,False,-0.2030627146509693,False,False,False
2025-07-14,84442,-2.2126837627643314,84360.33847933951,0.03870160935761646,True,False,False,-0.18066157407121136,False,False,False
2025-07-21,82422,-2.438380364399699,82628.88620507336,-0.10027758986694835,True,False,False,-0.09910968211177373,False,False,False
2025-07-28,79753,-2.7726474212073273,80836.74001593752,-0.5398882734457544,True,False,False,-0.12863480591375198,False,False,False
2025-08-04,79360,-2.103914734542744,79004.99396655564,0.17933590964148038,True,False,False,-0.19371954168847716,False,False,False
2025-08-11,77511,-2.0857962313401615,77334.60159362547,0.09113515959960239,True,False,False,-0.1503457055539829,False,False,False
2025-08-18,75574,-2.0578753557263076,75779.31913987425,-0.1085244866709445,True,False,False,-0.15771679975863412,False,False,False
2025-08-25,74305,-1.8946240085643644,74376.18110725487,-0.03829999851390653,True,False,False,-0.16515980944796704,False,False,False
2025-09-01,72997,-1.7807793217978365,73198.90722304094,-0.11048591181321399,True,False,False,-0.15892734686443788,False,False,False
2025-09-08,72240,-1.61328821389572,72267.18487504253,-0.015049701721991937,True,False,False,-0.1363233483430495,False,False,False
2025-09-15,71051,-1.5873333000614698,71626.32098643294,-0.32258755667889716,True,False,False,-0.15542116418555124,False,False,False
2025-09-22,71169,-1.3442680305108468,71254.3637608109,-0.04794930762976435,True,False,False,-0.15805331114207422,False,False,False
2025-09-29,70940,-1.2170363329300826,71222.56399336053,-0.15900915544754923,True,False,False,0.05459099654812938,True,False,False
2025-10-06,71029,-1.0604427062348374,71495.74290901906,-0.2619865536457411,True,False,False,-0.20278678842055986,False,False,False
2025-10-13,72007,-0.710411001207779,72070.46777127421,-0.03524091663258844,True,False,False,-0.19945718751052122,False,False,False
2025-10-20,72939,-0.3200176919311743,72968.44615737125,-0.016145115850605407,True,False,False,-0.20066848376970703,False,False,False
2025-10-27,68932,-1.628617576914959,74149.20879716855,-2.918355472260643,True,False,False,-0.0976516426695544,False,True,True
2025-11-03,74893,1.002140332696748,75481.9056869595,-0.31330158179329715,True,False,False,-0.0859082099478416,False,False,False
2025-11-10,76801,2.3373505179191647,77095.06431327871,-0.15286403715784047,True,False,False,-0.18336872578472213,False,False,False
2025-11-17,78412,2.8173938616316208,78900.29237285363,-0.24831826358528986,True,False,False,-0.17523932494991395,False,False,False
2025-11-24,80671,2.9216434693310487,80818.4977555205,-0.0730686755910881,True,False,False,-0.05800733417394721,False,False,False
2025-12-01,82524,2.5748365845873655,82827.06172823822,-0.1466272133625779,True,False,False,-0.1723899361113641,False,False,False
2025-12-08,85138,2.484856199567506,84839.21695562017,0.14062277637364673,True,False,False,-0.15522651477598676,False,False,False
2025-12-15,87265,2.2580542760832256,86841.23570009977,0.1947156619645085,True,False,False,-0.15922413883983727,False,False,False
2025-12-22,88204,1.8907488291925145,88751.18180843047,-0.24737723839493242,True,False,False,-0.16427885836343276,False,False,False
2025-12-29,89634,1.741217992332382,90459.67193608146,-0.3667770054514108,True,False,False,-0.1438156679368599,False,False,False
2026-01-05,92220,1.8074653028142404,91966.96239137367,0.10990474658200355,True,False,False,-0.07455670736585202,False,False,False
2026-01-12,93233,1.619003297792744,93321.43533293686,-0.037923661006900033,True,False,False,-0.10706343274653024,False,False,False
2026-01-19,93300,1.35932800023123,94434.25315837319,-0.4833500295005422,True,False,False,-0.1040423456650239,False,False,False
2026-01-26,93775,1.3232157042024486,95268.1811246897,-0.6319031109391915,True,False,False,-0.09949710755215119,False,True,True
2026-02-02,95618,1.466653482051552,95873.5031018127,-0.10674238775017386,True,False,False,-0.08366266191167215,False,False,False
2026-02-09,96439,1.4362261098778697,96361.3719230991,0.032210759894866214,True,False,False,-0.04349461209060368,False,False,False
2026-02-16,96516,1.2997855518272377,96716.93225505926,-0.08318761202268377,True,False,False,-0.049310508741200465,False,False,False
2026-02-23,97230,1.3274350211053698,96944.35706018592,0.1176852186604549,True,False,False,-0.049461256130274245,False,False,False
2026-03-02,97135,1.1928317994643636,97121.69381719586,0.005479834980590681,True,False,False,-0.03978431582099595,False,False,False
2026-03-09,97401,1.1567427035639524,97244.05064600708,0.06450691142141807,True,False,False,-0.06544182433586959,False,False,False
2026-03-16,97120,0.9456285106480506,97363.24280492602,-0.10005712708263559,True,False,False,-0.07970743775319339,False,False,False
2026-03-23,97667,1.0808923284346315,97473.44994932461,0.07934802413132047,True,False,False,-0.07350956308400569,False,False,False
2026-03-30,97992,1.2045902866055105,97631.7452915293,0.14732572068403726,True,False,False,-0.07460249039112016,False,False,False
2026-04-06,97556,0.8285237833718162,97827.3730462077,-0.11111415121163759,True,False,False,-0.08158770545151783,False,False,False
2026-04-13,98959,1.635930051513774,98012.94019666014,0.3842444065384143,True,False,False,-0.040503276251256604,False,False,False
2026-04-20,97477,0.4041938150509177,98263.01216413033,-0.3212491427959918,True,False,False,-0.07831925192320116,False,False,False
2026-04-27,91193,-6.237115610353785,98406.87503963069,-3.0453012063163953,True,True,True,-0.05461058204649194,False,True,True
2026-05-04,98824,1.011759395244256,98423.24093857284,0.1625410265705085,True,False,False,0.012832965072225644,True,False,False
2026-05-11,98391,0.6566371835751659,98477.95626128351,-0.03533569480524079,True,False,False,-0.12120680464786726,False,False,False
2026-05-18,98106,0.42878393137583304,98378.00581476085,-0.11074936604501318,True,False,False,-0.13539962088062302,False,False,False
2026-05-25,97637,0.1575356282259277,98100.1115844849,-0.18927936348475782,True,False,False,-0.14926334411109116,False,False,False
2026-06-01,97116,-0.12071584213424762,97611.30889109007,-0.20348864763420238,True,False,False,-0.14162436761627728,False,False,False
2026-06-08,96564,-0.38157622138616737,96894.87895476574,-0.13682671136606928,True,False,False,-0.14026867751654348,False,False,False
2026-06-15,95036,-1.1070289731050909,95946.90969873544,-0.38156989342525094,True,False,False,-0.10894256562398719,False,False,False
2026-06-22,94356,-1.2737780001655659,94734.17869894115,-0.15999951167358972,True,False,False,-0.1531961503149063,False,False,False
2026-06-29,92999,-1.6795408605486022,93321.89666910237,-0.13864123590266786,True,False,False,-0.16532802406092906,False,False,False
2026-07-06,91829,-1.8439637338025192,91717.04376666668,0.04879701895845301,True,False,False,-0.176850232651651,False,False,False
2026-07-13,89782,-2.26959414245169,89977.02847916575,-0.08679555395410432,True,False,False,-0.14512106919428658,False,False,False
2026-07-20,88455,-2.1620737468849476,88119.47968939114,0.15201323090948904,True,False,False,-0.17720357397407693,False,False,False
2026-07-27,85006,-2.8405502683204906,86238.18120826453,-0.575646992731933,True,False,False,-0.11953340963916997,False,True,True
2026-08-03,84106,-2.259353990417108,84302.07707068835,-0.09314382668527799,True,False,False,-0.17933625955568994,False,False,False
2026-08-10,83817,-1.8152490388572196,82486.38203598067,0.6401054956228336,True,False,False,-0.19280462088241335,False,False,False
2026-08-17,80687,-2.1000798948359303,80867.66409588985,-0.0894628067651837,True,False,False,-0.13783223761831415,False,False,False
2026-08-24,79051,-1.9730433703786963,79368.17220473796,-0.16016880993014126,True,False,False,-0.17727648016420894,False,False,False
2026-08-31,77904,-1.8012821440548867,78092.50342775481,-0.09667063830946176,True,False,False,-0.1802950982264982,False,False,False
2026-09-07,76569,-1.7249267400838972,77089.93232371051,-0.2712158995773706,True,False,False,-0.16959839394794818,False,False,False
2026-09-14,76036,-1.5326760369598078,76370.80636855224,-0.1757438083573959,True,False,False,-0.1819244940205974,False,False,False
2026-09-21,75889,-1.3416616132818648,75978.33823683402,-0.04706120390416402,True,False,False,-0.17741994753190476,False,False,False
