week,dimension,segment,actual,expected,score,threshold
2024-03-18,region,Central,21931.87,24545.026991608385,-4.502737483026422,3.5504211131541696
2024-05-20,region,Central,30226.34,24592.671883294774,8.250608881662558,3.5504211131541696
2024-09-30,region,Central,14579.97,19099.474544496683,-10.800486197983759,3.5504211131541696
2024-11-25,region,Central,25046.94,21675.207411828836,5.783302903465142,3.5504211131541696
2024-03-18,region,East,24197.93,26882.94882482524,-4.209004825137939,3.5504211131541696
2024-05-20,region,East,32533.84,27169.855725778812,7.20690660127957,3.5504211131541696
2024-09-30,region,East,16234.75,21170.93166829073,-10.619003458643093,3.5504211131541696
2024-11-25,region,East,27091.9,23946.16929398043,4.937057005068013,3.5504211131541696
2023-08-14,region,North,33572.8,24335.879584537033,12.870577114080675,3.5504211131541696
2024-03-18,region,North,27735.38,30860.094449645072,-4.270202120081521,3.5504211131541696
2024-05-20,region,North,37166.35,31345.47324651268,6.813356776556887,3.5504211131541696
2024-09-30,region,North,19163.74,24142.446703705522,-9.238064538446622,3.5504211131541696
2024-11-25,region,North,30798.67,27451.03215540979,4.602709547615262,3.5504211131541696
2024-03-18,region,Northeast,20412.36,23281.033863251243,-5.259937283204579,3.5504211131541696
2024-05-20,region,Northeast,28495.77,23381.783956172338,7.9119359765698505,3.5504211131541696
2024-09-30,region,Northeast,14118.2,18107.416473026726,-9.954274362109956,3.5504211131541696
2024-11-25,region,Northeast,23459.04,20498.400545996927,5.396362428718291,3.5504211131541696
2024-03-18,region,Northwest,19074.82,21264.767448060073,-4.347298082147333,3.5504211131541696
2024-05-20,region,Northwest,26143.89,21380.17818233193,8.046050862967604,3.5504211131541696
2024-09-30,region,Northwest,12994.85,16515.149881189678,-9.5890003653561,3.5504211131541696
2024-11-25,region,Northwest,20867.01,18749.909077733264,4.279221590384026,3.5504211131541696
2024-03-18,region,South,26170.41,28920.186027899457,-3.9964178622594204,3.5504211131541696
2024-05-20,region,South,35756.51,29110.889839867916,8.22480099955527,3.5504211131541696
2024-07-22,region,South,34819.73,26070.678323834,11.574917328503744,3.5504211131541696
2024-09-30,region,South,17411.69,22540.593547144057,-10.327040864222568,3.5504211131541696
2024-11-25,region,South,28940.88,25551.408054512623,4.982508143371902,3.5504211131541696
2024-03-18,region,Southeast,23289.45,25775.311673024717,-4.056666142598218,3.5504211131541696
2024-05-20,region,Southeast,31590.84,26008.394345401208,7.7779143920650995,3.5504211131541696
2024-09-30,region,Southeast,15620.52,20101.45119342097,-10.08826306504254,3.5504211131541696
2024-11-25,region,Southeast,25664.07,22905.165050155098,4.54918104266909,3.5504211131541696
2024-01-29,region,West,25989.86,29011.864401541217,-4.399936066545322,3.5504211131541696
2024-03-18,region,West,26704.920000000002,29456.296077836687,-3.922394315023894,3.5504211131541696
2024-05-20,region,West,36278.75,30239.96825713765,7.282706751826353,3.5504211131541696
2024-09-30,region,West,17923.99,23097.319569911266,-10.143061433916785,3.5504211131541696
2024-11-25,region,West,29901.33,26239.059472766457,5.226153633707398,3.5504211131541696
2025-01-27,region,West,27648.94,30877.255489408893,-4.417298147288378,3.5504211131541696
2025-07-28,region,West,25635.65,28025.173162576473,-3.564767477086761,3.5504211131541696
2026-01-26,region,West,29851.05,32832.82946670456,-3.808355924043596,3.5504211131541696
2026-07-27,region,West,26581.18,29828.99841563475,-4.6111029987999075,3.5504211131541696
2024-03-18,sku,Apple 1L,15243.14,16679.694714240824,-3.6025011391323147,3.5504211131541696
2024-05-20,sku,Apple 1L,20535.34,17019.52704679117,7.5114387878034705,3.5504211131541696
2024-09-30,sku,Apple 1L,10393.22,13028.543514436933,-9.039557400570857,3.5504211131541696
2024-11-25,sku,Apple 1L,16971.52,14845.812320071087,5.352752729316279,3.5504211131541696
2026-04-27,sku,Apple 1L,17730.82,19393.651907655807,-3.585656918169562,3.5504211131541696
2024-03-18,sku,Berry 500ml,10220.71,11549.239140885931,-4.888140222527184,3.5504211131541696
2024-05-20,sku,Berry 500ml,14632.84,11619.328063485671,9.223935758827935,3.5504211131541696
2024-09-30,sku,Berry 500ml,7058.99,9011.237864923998,-9.766818731848375,3.5504211131541696
2024-11-25,sku,Berry 500ml,11595.56,10216.730462434833,5.063825929689543,3.5504211131541696
2024-03-18,sku,Coffee 250ml,13288.0,14577.706696033396,-3.705282032663746,3.5504211131541696
2024-05-20,sku,Coffee 250ml,18032.92,14710.450474258192,8.145632743388305,3.5504211131541696
2024-09-30,sku,Coffee 250ml,8624.48,11375.33783546075,-11.073719718874528,3.5504211131541696
2024-11-25,sku,Coffee 250ml,14749.47,12984.170812902703,5.099046566619521,3.5504211131541696
2023-12-18,sku,Cola 750ml,27182.010000000002,23842.130048274463,5.2440468622079806,3.5504211131541696
2024-03-18,sku,Cola 750ml,24209.72,26735.37507630308,-3.9693356919604383,3.5504211131541696
2024-05-20,sku,Cola 750ml,32437.230000000003,26923.210812289704,7.452722686183293,3.5504211131541696
2024-09-30,sku,Cola 750ml,16273.71,20923.09107939198,-10.052098525697986,3.5504211131541696
2024-11-25,sku,Cola 750ml,26666.98,23663.16561583525,4.78025800927135,3.5504211131541696
2026-04-27,sku,Cola 750ml,27936.82,30851.78854187476,-3.9699676825401298,3.5504211131541696
2024-03-18,sku,Energy 250ml,12312.03,14002.498340488608,-5.1463573362278225,3.5504211131541696
2024-05-20,sku,Energy 250ml,17321.31,14194.907128580619,7.962171520760322,3.5504211131541696
2024-09-30,sku,Energy 250ml,8476.64,10919.686509970514,-10.130124686249289,3.5504211131541696
2024-11-25,sku,Energy 250ml,14096.01,12305.651599492738,5.433325685247965,3.5504211131541696
2024-03-18,sku,Ginger 330ml,8883.8,9965.482143292433,-4.595917710777542,3.5504211131541696
2024-05-20,sku,Ginger 330ml,12057.71,10038.499668855362,7.331064865240364,3.5504211131541696
2024-09-30,sku,Ginger 330ml,6030.15,7794.286584298175,-10.26476360200519,3.5504211131541696
2024-11-25,sku,Ginger 330ml,9742.24,8766.29869456654,4.22225580193917,3.5504211131541696
2023-12-18,sku,Lemon 600ml,19532.35,17578.203192961802,4.2164954308437075,3.5504211131541696
2024-03-18,sku,Lemon 600ml,18071.41,19824.08928000443,-3.7026678826032366,3.5504211131541696
2024-05-20,sku,Lemon 600ml,24107.97,20060.270125604628,7.35204971576465,3.5504211131541696
2024-09-30,sku,Lemon 600ml,11795.33,15578.126250163308,-11.126563057133794,3.5504211131541696
2024-11-25,sku,Lemon 600ml,20004.850000000002,17564.396193081746,5.204033384018345,3.5504211131541696
2024-03-18,sku,Lime 330ml,6567.92,7211.814799251658,-3.740937347056743,3.5504211131541696
2024-05-20,sku,Lime 330ml,8751.0,7304.510398151836,7.227038377497266,3.5504211131541696
2024-09-30,sku,Lime 330ml,4448.16,5626.285354756643,-9.398356078982246,3.5504211131541696
2024-11-25,sku,Lime 330ml,7366.64,6412.67557241013,5.54740440417568,3.5504211131541696
2024-03-18,sku,Mango 1L,15347.08,17441.67715128923,-5.117494114571173,3.5504211131541696
2024-05-20,sku,Mango 1L,20757.64,17591.788974835297,6.619284560785559,3.5504211131541696
2024-09-30,sku,Mango 1L,10501.2,13500.214111780195,-10.048640364113197,3.5504211131541696
2024-11-25,sku,Mango 1L,17072.47,15378.99967270771,4.178572138546102,3.5504211131541696
2024-03-18,sku,Orange 500ml,13156.72,14460.716939493654,-3.780125666770573,3.5504211131541696
2024-05-20,sku,Orange 500ml,17480.04,14578.996933697597,7.259109270194415,3.5504211131541696
2024-09-30,sku,Orange 500ml,8699.41,11262.19122526088,-10.327839964344108,3.5504211131541696
2024-11-25,sku,Orange 500ml,14130.92,12709.578336394969,4.24037581430305,3.5504211131541696
2024-03-18,sku,Soda 1L,12036.880000000001,13383.981931826682,-4.243333744563529,3.5504211131541696
2024-05-20,sku,Soda 1L,16645.1,13467.872475101785,8.472353851930237,3.5504211131541696
2024-09-30,sku,Soda 1L,8101.07,10441.701461298773,-10.152455707044439,3.5504211131541696
2024-11-25,sku,Soda 1L,13609.94,11926.66953119433,5.280935141587264,3.5504211131541696
2024-03-18,sku,Tea 500ml,13408.11,14773.610953353647,-3.8793119119952735,3.5504211131541696
2024-05-20,sku,Tea 500ml,18300.69,14934.16818593496,8.131480382250587,3.5504211131541696
2024-09-30,sku,Tea 500ml,9305.59,11703.023342799912,-9.169276757426559,3.5504211131541696
2024-11-25,sku,Tea 500ml,15073.130000000001,13180.187610328463,5.367957001610222,3.5504211131541696
2024-03-18,sku,Tonic 250ml,7099.7,8038.337480940373,-4.966790047909484,3.5504211131541696
2024-05-20,sku,Tonic 250ml,9912.27,8160.861529136635,7.776945628453831,3.5504211131541696
2024-09-30,sku,Tonic 250ml,4886.3,6294.690153567303,-10.130842975134868,3.5504211131541696
2024-11-25,sku,Tonic 250ml,8186.1,7112.202264224319,5.625026252613381,3.5504211131541696
2024-03-18,sku,Water 1L,12428.93,14332.660455240431,-5.700562447298552,3.5504211131541696
2024-05-20,sku,Water 1L,17254.34,14437.854467045594,7.128406649005399,3.5504211131541696
2024-09-30,sku,Water 1L,8649.6,11061.331669527088,-9.837692634503057,3.5504211131541696
2024-11-25,sku,Water 1L,14167.11,12524.530780277802,4.929355890941736,3.5504211131541696
2024-03-18,sku,Water 500ml,7242.99,7974.292000232721,-3.8475505104327823,3.5504211131541696
2024-05-20,sku,Water 500ml,9965.89,8078.15386348559,8.400195923425073,3.5504211131541696
2024-09-30,sku,Water 500ml,4803.86,6288.389113794935,-10.77140695061594,3.5504211131541696
2024-11-25,sku,Water 500ml,8336.9,7198.769208759974,5.871255058097873,3.5504211131541696
2024-05-20,channel,Convenience,77053.22,63371.71814092747,7.819147045030022,3.5504211131541696
2024-09-30,channel,Convenience,37640.8,49139.147218418,-10.662697773738472,3.5504211131541696
2024-11-25,channel,Convenience,79900.62,55536.392362803155,14.549803533197263,3.5504211131541696
2024-05-20,channel,Modern trade,139606.68,115756.44497959298,7.493626744031374,3.5504211131541696
2024-09-30,channel,Modern trade,69902.2,89263.76797711785,-9.779941981330609,3.5504211131541696
2024-03-18,channel,Online,11860.1,33848.98158453793,-41.94916350158344,3.5504211131541696
2024-05-20,channel,Online,41532.39,34193.2061035255,7.7778652942311055,3.5504211131541696
2024-09-30,channel,Online,20504.71,26462.74285785896,-10.20332792005128,3.5504211131541696
2025-04-28,channel,Online,21876.96,36679.104851453456,-20.670928583709554,3.5504211131541696
2025-10-27,channel,Online,17507.14,29415.52572929492,-20.756552930664682,3.5504211131541696
2026-04-27,channel,Online,23498.65,39165.84832562941,-20.43448712770548,3.5504211131541696
