metric,week,actual,expected,gap,narrative,issue,owner,action,exposed_revenue,scenario_net_value
revenue,2023-07-10,183372.62,190902.40500000003,-7529.785,"Revenue recorded a $7,530 decrease (-3.9%) versus the prior four-week average. West contributed 19.7% of the net gap. The largest individual driver was Mango 1L in North / Modern trade, with units changing -15.4%. Validate inventory, pricing, and campaign records before assigning a business cause.",Unverified sales movement,Sales analyst,"Check inventory, order availability, prices, and campaign records before intervening.",0.0,-500.0
revenue,2023-08-14,175331.46,175380.685,-49.22500000000082,"Revenue was close to the prior four-week baseline ($175,331 versus $175,381). The net gap is too small for stable contribution percentages. Inspect offsetting segment movements.",Weather exposure,Demand planning,Check weather-linked sell-through and consider a temporary replenishment adjustment rather than changing the annual forecast.,0.0,-500.0
revenue,2023-12-18,192760.54,177088.9575,15671.582500000002,"Revenue recorded a $15,672 increase (+8.8%) versus the prior four-week average. South contributed 18.9% of the net gap. The largest individual driver was Cola 750ml in South / Modern trade, with units changing +105.9%. Validate inventory, pricing, and campaign records before assigning a business cause.",Promotion economics,Commercial finance,Review incremental gross margin and substitution before extending the promotion.,0.0,-500.0
revenue,2024-01-29,202149.77,200355.6725,1794.0974999999994,"Revenue recorded a $1,794 increase (+0.9%) versus the prior four-week average. North contributed 58.2% of the net gap. The largest individual driver was Cola 750ml in Northeast / Modern trade, with units changing +21.1%. An offsetting decline of $2,136 occurred in West. Validate inventory, pricing, and campaign records before assigning a business cause.",Stock availability,Supply planning,Prioritize replenishment for the affected product/region/channel cells; confirm transfer capacity before committing spend.,2354.69,-146.79649999999998
revenue,2024-03-18,189517.14,209672.905,-20155.765,"Revenue recorded a $20,156 decrease (-9.6%) versus the prior four-week average. North contributed 15.1% of the net gap. The largest individual driver was Cola 750ml in West / Online, with units changing -64.0%. Validate inventory, pricing, and campaign records before assigning a business cause.",Channel outage,Commerce operations,"Restore ordering availability, verify failed orders, and contact affected accounts to recover recoverable demand.",21848.2775,2777.241625
revenue,2024-05-20,258192.29,213194.985,44997.30500000001,"Revenue recorded a $44,997 increase (+21.1%) versus the prior four-week average. South contributed 14.9% of the net gap. The largest individual driver was Cola 750ml in South / Modern trade, with units changing +8.4%. Validate inventory, pricing, and campaign records before assigning a business cause.",Price change,Pricing manager,Separate price uplift from volume response and review retention before rolling out further price changes.,0.0,-500.0
revenue,2024-07-22,198965.95,199231.7475,-265.7975000000006,"Revenue recorded a $266 decrease (-0.1%) versus the prior four-week average. North contributed 595.2% of the net gap. The largest individual driver was Cola 750ml in Central / Modern trade, with units changing -13.9%. An offsetting gain of $7,841 occurred in South. Validate inventory, pricing, and campaign records before assigning a business cause.",Distribution expansion,Regional sales,Validate repeat orders and sell-through before increasing the regional allocation.,0.0,-500.0
revenue,2024-09-30,128047.71,165534.6375,-37486.927500000005,"Revenue recorded a $37,487 decrease (-22.6%) versus the prior four-week average. West contributed 14.2% of the net gap. The largest individual driver was Cola 750ml in East / Modern trade, with units changing -30.9%. Validate inventory, pricing, and campaign records before assigning a business cause.",Unverified sales movement,Sales analyst,"Check inventory, order availability, prices, and campaign records before intervening.",0.0,-500.0
revenue,2024-11-25,211769.84,176087.2525,35682.587499999994,"Revenue recorded a $35,683 increase (+20.3%) versus the prior four-week average. West contributed 14.5% of the net gap. The largest individual driver was Cola 750ml in West / Convenience, with units changing +69.7%. Validate inventory, pricing, and campaign records before assigning a business cause.",Unverified sales movement,Sales analyst,"Check inventory, order availability, prices, and campaign records before intervening.",0.0,-500.0
revenue,2025-01-27,216909.55,212955.08000000002,3954.4699999999984,"Revenue recorded a $3,954 increase (+1.9%) versus the prior four-week average. North contributed 51.1% of the net gap. The largest individual driver was Apple 1L in North / Modern trade, with units changing +18.6%. An offsetting decline of $2,167 occurred in West. Validate inventory, pricing, and campaign records before assigning a business cause.",Stock availability,Supply planning,Prioritize replenishment for the affected product/region/channel cells; confirm transfer capacity before committing spend.,2675.4974999999995,-98.67537500000009
revenue,2025-04-28,213135.55,226172.48500000002,-13036.934999999998,"Revenue recorded a $13,037 decrease (-5.8%) versus the prior four-week average. West contributed 16.2% of the net gap. The largest individual driver was Cola 750ml in Central / Modern trade, with units changing -15.0%. Validate inventory, pricing, and campaign records before assigning a business cause.",Channel outage,Commerce operations,"Restore ordering availability, verify failed orders, and contact affected accounts to recover recoverable demand.",14613.765,1692.06475
revenue,2025-07-28,196589.02999999997,209562.315,-12973.285,"Revenue recorded a $12,973 decrease (-6.2%) versus the prior four-week average. West contributed 29.6% of the net gap. The largest individual driver was Cola 750ml in West / Modern trade, with units changing -43.9%. Validate inventory, pricing, and campaign records before assigning a business cause.",Stock availability,Supply planning,Prioritize replenishment for the affected product/region/channel cells; confirm transfer capacity before committing spend.,2750.455,-87.43175000000002
revenue,2025-10-27,170913.32,176804.805,-5891.485,"Revenue recorded a $5,891 decrease (-3.3%) versus the prior four-week average. South contributed 16.9% of the net gap. The largest individual driver was Cola 750ml in Southeast / Online, with units changing -44.9%. Validate inventory, pricing, and campaign records before assigning a business cause.",Channel outage,Commerce operations,"Restore ordering availability, verify failed orders, and contact affected accounts to recover recoverable demand.",10964.287500000002,1144.6431250000003
revenue,2026-01-26,231450.55000000002,227061.43,4389.120000000002,"Revenue recorded a $4,389 increase (+1.9%) versus the prior four-week average. Central contributed 27.9% of the net gap. The largest individual driver was Cola 750ml in Southeast / Modern trade, with units changing +13.3%. An offsetting decline of $2,084 occurred in West. Validate inventory, pricing, and campaign records before assigning a business cause.",Stock availability,Supply planning,Prioritize replenishment for the affected product/region/channel cells; confirm transfer capacity before committing spend.,2693.7650000000003,-95.93524999999994
revenue,2026-04-27,225525.09,241798.54249999998,-16273.4525,"Revenue recorded a $16,273 decrease (-6.7%) versus the prior four-week average. South contributed 15.1% of the net gap. The largest individual driver was Cola 750ml in South / Online, with units changing -43.8%. Validate inventory, pricing, and campaign records before assigning a business cause.",Channel outage,Commerce operations,"Restore ordering availability, verify failed orders, and contact affected accounts to recover recoverable demand.",15434.445000000002,1815.1667500000003
revenue,2026-07-27,209842.36000000002,224015.925,-14173.565,"Revenue recorded a $14,174 decrease (-6.3%) versus the prior four-week average. West contributed 32.8% of the net gap. The largest individual driver was Cola 750ml in West / Modern trade, with units changing -39.6%. Validate inventory, pricing, and campaign records before assigning a business cause.",Stock availability,Supply planning,Prioritize replenishment for the affected product/region/channel cells; confirm transfer capacity before committing spend.,3053.1525,-42.02712500000001
units,2023-07-10,74351.0,77407.5,-3056.5,"Units recorded a 3,056 units decrease (-3.9%) versus the prior four-week average. West contributed 18.5% of the net gap. The largest individual driver was Water 1L in Northeast / Modern trade, with units changing -19.3%. Validate inventory, pricing, and campaign records before assigning a business cause.",Unverified sales movement,Sales analyst,"Check inventory, order availability, prices, and campaign records before intervening.",0.0,-500.0
units,2023-08-14,71073.0,71108.0,-35.0,"Units was close to the prior four-week baseline (71,073 units versus 71,108 units). The net gap is too small for stable contribution percentages. Inspect offsetting segment movements.",Weather exposure,Demand planning,Check weather-linked sell-through and consider a temporary replenishment adjustment rather than changing the annual forecast.,0.0,-500.0
units,2023-12-18,82546.0,71808.5,10737.5,"Units recorded a 10,738 units increase (+15.0%) versus the prior four-week average. South contributed 16.6% of the net gap. The largest individual driver was Cola 750ml in South / Modern trade, with units changing +105.9%. Validate inventory, pricing, and campaign records before assigning a business cause.",Promotion economics,Commercial finance,Review incremental gross margin and substitution before extending the promotion.,0.0,-500.0
units,2024-01-29,82256.0,81317.75,938.25,"Units recorded a 938 units increase (+1.2%) versus the prior four-week average. North contributed 52.7% of the net gap. The largest individual driver was Cola 750ml in Northeast / Modern trade, with units changing +21.1%. An offsetting decline of 788 units occurred in West. Validate inventory, pricing, and campaign records before assigning a business cause.",Stock availability,Supply planning,Prioritize replenishment for the affected product/region/channel cells; confirm transfer capacity before committing spend.,2354.69,-146.79649999999998
units,2024-03-18,76267.0,84972.0,-8705.0,"Units recorded a 8,705 units decrease (-10.2%) versus the prior four-week average. North contributed 15.1% of the net gap. The largest individual driver was Water 1L in North / Online, with units changing -66.1%. Validate inventory, pricing, and campaign records before assigning a business cause.",Channel outage,Commerce operations,"Restore ordering availability, verify failed orders, and contact affected accounts to recover recoverable demand.",21848.2775,2777.241625
units,2024-07-22,80981.0,80751.0,230.0,"Units recorded a 230 units increase (+0.3%) versus the prior four-week average. South contributed 1450.7% of the net gap. The largest individual driver was Water 1L in South / Modern trade, with units changing +90.9%. An offsetting decline of 591 units occurred in North. Validate inventory, pricing, and campaign records before assigning a business cause.",Distribution expansion,Regional sales,Validate repeat orders and sell-through before increasing the regional allocation.,0.0,-500.0
units,2024-09-30,51887.0,67086.0,-15199.0,"Units recorded a 15,199 units decrease (-22.7%) versus the prior four-week average. West contributed 14.7% of the net gap. The largest individual driver was Cola 750ml in East / Modern trade, with units changing -30.9%. Validate inventory, pricing, and campaign records before assigning a business cause.",Unverified sales movement,Sales analyst,"Check inventory, order availability, prices, and campaign records before intervening.",0.0,-500.0
units,2024-11-25,85390.0,71396.25,13993.75,"Units recorded a 13,994 units increase (+19.6%) versus the prior four-week average. West contributed 14.4% of the net gap. The largest individual driver was Cola 750ml in West / Convenience, with units changing +69.7%. Validate inventory, pricing, and campaign records before assigning a business cause.",Unverified sales movement,Sales analyst,"Check inventory, order availability, prices, and campaign records before intervening.",0.0,-500.0
units,2025-01-27,88156.0,86376.25,1779.75,"Units recorded a 1,780 units increase (+2.1%) versus the prior four-week average. North contributed 42.0% of the net gap. The largest individual driver was Water 1L in South / Modern trade, with units changing +19.3%. An offsetting decline of 705 units occurred in West. Validate inventory, pricing, and campaign records before assigning a business cause.",Stock availability,Supply planning,Prioritize replenishment for the affected product/region/channel cells; confirm transfer capacity before committing spend.,2675.4974999999995,-98.67537500000009
units,2025-04-28,86010.0,91666.5,-5656.5,"Units recorded a 5,656 units decrease (-6.2%) versus the prior four-week average. West contributed 16.7% of the net gap. The largest individual driver was Water 1L in North / Online, with units changing -43.6%. Validate inventory, pricing, and campaign records before assigning a business cause.",Channel outage,Commerce operations,"Restore ordering availability, verify failed orders, and contact affected accounts to recover recoverable demand.",14613.765,1692.06475
units,2025-10-27,68932.0,71728.75,-2796.75,"Units recorded a 2,797 units decrease (-3.9%) versus the prior four-week average. South contributed 16.5% of the net gap. The largest individual driver was Cola 750ml in Southeast / Online, with units changing -44.9%. Validate inventory, pricing, and campaign records before assigning a business cause.",Channel outage,Commerce operations,"Restore ordering availability, verify failed orders, and contact affected accounts to recover recoverable demand.",10964.2875,1144.643125
units,2026-01-26,93775.0,92096.75,1678.25,"Units recorded a 1,678 units increase (+1.8%) versus the prior four-week average. Northeast contributed 27.5% of the net gap. The largest individual driver was Water 1L in Northeast / Convenience, with units changing +33.1%. An offsetting decline of 776 units occurred in West. Validate inventory, pricing, and campaign records before assigning a business cause.",Stock availability,Supply planning,Prioritize replenishment for the affected product/region/channel cells; confirm transfer capacity before committing spend.,2693.7650000000003,-95.93524999999994
units,2026-04-27,91193.0,97996.0,-6803.0,"Units recorded a 6,803 units decrease (-6.9%) versus the prior four-week average. South contributed 14.7% of the net gap. The largest individual driver was Water 1L in West / Online, with units changing -44.1%. Validate inventory, pricing, and campaign records before assigning a business cause.",Channel outage,Commerce operations,"Restore ordering availability, verify failed orders, and contact affected accounts to recover recoverable demand.",15434.445,1815.1667499999999
units,2026-07-27,85006.0,90766.25,-5760.25,"Units recorded a 5,760 units decrease (-6.3%) versus the prior four-week average. West contributed 31.1% of the net gap. The largest individual driver was Cola 750ml in West / Modern trade, with units changing -39.6%. Validate inventory, pricing, and campaign records before assigning a business cause.",Stock availability,Supply planning,Prioritize replenishment for the affected product/region/channel cells; confirm transfer capacity before committing spend.,3053.1525,-42.02712500000001
